,Name,#RO5 Violations (Lipinski),Smiles,USAN Stem,ROMol,ECFP6
0,ARTICAINE HYDROCHLORIDE,0,CCCNC(C)C(=O)Nc1c(C)csc1C(=O)OC.Cl,-caine,<rdkit.Chem.rdchem.Mol object at 0x7f6ed60f34c0>,<rdkit.DataStructs.cDataStructs.ExplicitBitVect object at 0x7f6ed5b6c510>
1,ETIDOCAINE HYDROCHLORIDE,0,CCCN(CC)C(CC)C(=O)Nc1c(C)cccc1C.Cl,-caine,<rdkit.Chem.rdchem.Mol object at 0x7f6ed60f3530>,<rdkit.DataStructs.cDataStructs.ExplicitBitVect object at 0x7f6ed5b6c580>
2,ROPIVACAINE HYDROCHLORIDE,0,CCCN1CCCC[C@H]1C(=O)Nc1c(C)cccc1C.Cl,-caine,<rdkit.Chem.rdchem.Mol object at 0x7f6ed60f3610>,<rdkit.DataStructs.cDataStructs.ExplicitBitVect object at 0x7f6ed5b6c660>
3,PROCAINE,0,CCN(CC)CCOC(=O)c1ccc(N)cc1,-caine,<rdkit.Chem.rdchem.Mol object at 0x7f6ed60f3680>,<rdkit.DataStructs.cDataStructs.ExplicitBitVect object at 0x7f6ed5b6c5f0>
4,DIBUCAINE,0,CCCCOc1cc(C(=O)NCCN(CC)CC)c2ccccc2n1,-caine,<rdkit.Chem.rdchem.Mol object at 0x7f6ed60f36f0>,<rdkit.DataStructs.cDataStructs.ExplicitBitVect object at 0x7f6ed5b6c6d0>
5,MEPIVACAINE HYDROCHLORIDE,0,Cc1cccc(C)c1NC(=O)C1CCCCN1C.Cl,-caine,<rdkit.Chem.rdchem.Mol object at 0x7f6ed60f3760>,<rdkit.DataStructs.cDataStructs.ExplicitBitVect object at 0x7f6ed5b6c740>
6,LEVOBUPIVACAINE HYDROCHLORIDE,0,CCCCN1CCCC[C@H]1C(=O)Nc1c(C)cccc1C.Cl,-caine,<rdkit.Chem.rdchem.Mol object at 0x7f6ed60f37d0>,<rdkit.DataStructs.cDataStructs.ExplicitBitVect object at 0x7f6ed5b6c820>
7,ROPIVACAINE,0,CCCN1CCCC[C@H]1C(=O)Nc1c(C)cccc1C,-caine,<rdkit.Chem.rdchem.Mol object at 0x7f6ed60f3840>,<rdkit.DataStructs.cDataStructs.ExplicitBitVect object at 0x7f6ed5b6c7b0>
8,ARTICAINE,0,CCCNC(C)C(=O)Nc1c(C)csc1C(=O)OC,-caine,<rdkit.Chem.rdchem.Mol object at 0x7f6ed60f38b0>,<rdkit.DataStructs.cDataStructs.ExplicitBitVect object at 0x7f6ed5b6c970>
9,PROCAINE HYDROCHLORIDE,0,CCN(CC)CCOC(=O)c1ccc(N)cc1.Cl,-caine,<rdkit.Chem.rdchem.Mol object at 0x7f6ed60f3920>,<rdkit.DataStructs.cDataStructs.ExplicitBitVect object at 0x7f6ed5b6c890>
10,CHLOROPROCAINE HYDROCHLORIDE,0,CCN(CC)CCOC(=O)c1ccc(N)cc1Cl.Cl,-caine,<rdkit.Chem.rdchem.Mol object at 0x7f6ed60f3990>,<rdkit.DataStructs.cDataStructs.ExplicitBitVect object at 0x7f6ed5b6c9e0>
11,BUPIVACAINE,0,CCCCN1CCCCC1C(=O)Nc1c(C)cccc1C,-caine,<rdkit.Chem.rdchem.Mol object at 0x7f6ed60f3a00>,<rdkit.DataStructs.cDataStructs.ExplicitBitVect object at 0x7f6ed5b6c900>
12,PROPARACAINE HYDROCHLORIDE,0,CCCOc1ccc(C(=O)OCCN(CC)CC)cc1N.Cl,-caine,<rdkit.Chem.rdchem.Mol object at 0x7f6ed60f3a70>,<rdkit.DataStructs.cDataStructs.ExplicitBitVect object at 0x7f6ed5b6cb30>
13,PROPOXYCAINE,0,CCCOc1cc(N)ccc1C(=O)OCCN(CC)CC,-caine,<rdkit.Chem.rdchem.Mol object at 0x7f6ed60f3ae0>,<rdkit.DataStructs.cDataStructs.ExplicitBitVect object at 0x7f6ed5b6cac0>
14,PROPARACAINE,0,CCCOc1ccc(C(=O)OCCN(CC)CC)cc1N,-caine,<rdkit.Chem.rdchem.Mol object at 0x7f6ed60f3b50>,<rdkit.DataStructs.cDataStructs.ExplicitBitVect object at 0x7f6ed5b6ca50>
15,COCAINE HYDROCHLORIDE,0,COC(=O)[C@H]1[C@@H](OC(=O)c2ccccc2)C[C@@H]2CC[C@H]1N2C.Cl,-caine,<rdkit.Chem.rdchem.Mol object at 0x7f6ed60f3bc0>,<rdkit.DataStructs.cDataStructs.ExplicitBitVect object at 0x7f6ed5b6cc10>
16,HEXYLCAINE HYDROCHLORIDE,0,CC(CNC1CCCCC1)OC(=O)c1ccccc1.Cl,-caine,<rdkit.Chem.rdchem.Mol object at 0x7f6ed60f3c30>,<rdkit.DataStructs.cDataStructs.ExplicitBitVect object at 0x7f6ed5b6cc80>
17,BUPIVACAINE HYDROCHLORIDE,0,CCCCN1CCCCC1C(=O)Nc1c(C)cccc1C.Cl,-caine,<rdkit.Chem.rdchem.Mol object at 0x7f6ed60f3ca0>,<rdkit.DataStructs.cDataStructs.ExplicitBitVect object at 0x7f6ed5b6ccf0>
18,MEPIVACAINE,0,Cc1cccc(C)c1NC(=O)C1CCCCN1C,-caine,<rdkit.Chem.rdchem.Mol object at 0x7f6ed60f3d10>,<rdkit.DataStructs.cDataStructs.ExplicitBitVect object at 0x7f6ed5b6cba0>
19,LIDOCAINE HYDROCHLORIDE,0,CCN(CC)CC(=O)Nc1c(C)cccc1C.Cl.O,-caine,<rdkit.Chem.rdchem.Mol object at 0x7f6ed60f3d80>,<rdkit.DataStructs.cDataStructs.ExplicitBitVect object at 0x7f6ed5b6cd60>
20,DIBUCAINE HYDROCHLORIDE,0,CCCCOc1cc(C(=O)NCCN(CC)CC)c2ccccc2n1.Cl,-caine,<rdkit.Chem.rdchem.Mol object at 0x7f6ed60f3df0>,<rdkit.DataStructs.cDataStructs.ExplicitBitVect object at 0x7f6ed5b6cdd0>
21,CHLOROPROCAINE,0,CCN(CC)CCOC(=O)c1ccc(N)cc1Cl,-caine,<rdkit.Chem.rdchem.Mol object at 0x7f6ed60f3e60>,<rdkit.DataStructs.cDataStructs.ExplicitBitVect object at 0x7f6ed5b6ce40>
22,PROPOXYCAINE HYDROCHLORIDE,0,CCCOc1cc(N)ccc1C(=O)OCCN(CC)CC.Cl,-caine,<rdkit.Chem.rdchem.Mol object at 0x7f6ed60f3ed0>,<rdkit.DataStructs.cDataStructs.ExplicitBitVect object at 0x7f6ed5b6ceb0>
23,HEXYLCAINE,0,CC(CNC1CCCCC1)OC(=O)c1ccccc1,-caine,<rdkit.Chem.rdchem.Mol object at 0x7f6ed60f3f40>,<rdkit.DataStructs.cDataStructs.ExplicitBitVect object at 0x7f6ed5b6cf20>
24,BENZOCAINE,0,CCOC(=O)c1ccc(N)cc1,-caine,<rdkit.Chem.rdchem.Mol object at 0x7f6ed60f4040>,<rdkit.DataStructs.cDataStructs.ExplicitBitVect object at 0x7f6ed5b6cf90>
25,LIDOCAINE,0,CCN(CC)CC(=O)Nc1c(C)cccc1C,-caine,<rdkit.Chem.rdchem.Mol object at 0x7f6ed60f40b0>,<rdkit.DataStructs.cDataStructs.ExplicitBitVect object at 0x7f6ed5b6d000>
26,LEVOBUPIVACAINE,0,CCCCN1CCCC[C@H]1C(=O)Nc1c(C)cccc1C,-caine,<rdkit.Chem.rdchem.Mol object at 0x7f6ed60f4120>,<rdkit.DataStructs.cDataStructs.ExplicitBitVect object at 0x7f6ed5b6d070>
27,TETRACAINE,0,CCCCNc1ccc(C(=O)OCCN(C)C)cc1,-caine,<rdkit.Chem.rdchem.Mol object at 0x7f6ed60f4190>,<rdkit.DataStructs.cDataStructs.ExplicitBitVect object at 0x7f6ed5b6d0e0>
28,COCAINE,0,COC(=O)[C@H]1[C@@H](OC(=O)c2ccccc2)C[C@@H]2CC[C@H]1N2C,-caine,<rdkit.Chem.rdchem.Mol object at 0x7f6ed60f4200>,<rdkit.DataStructs.cDataStructs.ExplicitBitVect object at 0x7f6ed5b6d150>
29,PRILOCAINE HYDROCHLORIDE,0,CCCNC(C)C(=O)Nc1ccccc1C.Cl,-caine,<rdkit.Chem.rdchem.Mol object at 0x7f6ed60f4270>,<rdkit.DataStructs.cDataStructs.ExplicitBitVect object at 0x7f6ed5b6d1c0>
30,ETIDOCAINE,0,CCCN(CC)C(CC)C(=O)Nc1c(C)cccc1C,-caine,<rdkit.Chem.rdchem.Mol object at 0x7f6ed60f42e0>,<rdkit.DataStructs.cDataStructs.ExplicitBitVect object at 0x7f6ed5b6d230>
31,TETRACAINE HYDROCHLORIDE,0,CCCCNc1ccc(C(=O)OCCN(C)C)cc1.Cl,-caine,<rdkit.Chem.rdchem.Mol object at 0x7f6ed60f4350>,<rdkit.DataStructs.cDataStructs.ExplicitBitVect object at 0x7f6ed5b6d2a0>
32,PRILOCAINE,0,CCCNC(C)C(=O)Nc1ccccc1C,-caine,<rdkit.Chem.rdchem.Mol object at 0x7f6ed60f43c0>,<rdkit.DataStructs.cDataStructs.ExplicitBitVect object at 0x7f6ed5b6d310>
0,TALAMPICILLIN HYDROCHLORIDE,0,CC1(C)S[C@@H]2[C@H](NC(=O)[C@H](N)c3ccccc3)C(=O)N2[C@H]1C(=O)OC1OC(=O)c2ccccc21.Cl,-cillin,<rdkit.Chem.rdchem.Mol object at 0x7f6ed60f4430>,<rdkit.DataStructs.cDataStructs.ExplicitBitVect object at 0x7f6ed5b6d380>
1,PHENETHICILLIN POTASSIUM,0,CC(Oc1ccccc1)C(=O)N[C@@H]1C(=O)N2[C@@H]1SC(C)(C)[C@@H]2C(=O)[O-].[K+],-cillin,<rdkit.Chem.rdchem.Mol object at 0x7f6ed60f44a0>,<rdkit.DataStructs.cDataStructs.ExplicitBitVect object at 0x7f6ed5b6d3f0>
2,AMOXICILLIN SODIUM,0,CC1(C)S[C@@H]2[C@H](NC(=O)[C@H](N)c3ccc(O)cc3)C(=O)N2[C@H]1C(=O)[O-].[Na+],-cillin,<rdkit.Chem.rdchem.Mol object at 0x7f6ed60f4510>,<rdkit.DataStructs.cDataStructs.ExplicitBitVect object at 0x7f6ed5b6d460>
3,CARBENICILLIN PHENYL SODIUM,0,CC1(C)S[C@@H]2[C@H](NC(=O)C(C(=O)Oc3ccccc3)c3ccccc3)C(=O)N2[C@H]1C(=O)[O-].[Na+],-cillin,<rdkit.Chem.rdchem.Mol object at 0x7f6ed60f4580>,<rdkit.DataStructs.cDataStructs.ExplicitBitVect object at 0x7f6ed5b6d4d0>
4,BACAMPICILLIN HYDROCHLORIDE,0,CCOC(=O)OC(C)OC(=O)[C@@H]1N2C(=O)[C@@H](NC(=O)[C@H](N)c3ccccc3)[C@H]2SC1(C)C.Cl,-cillin,<rdkit.Chem.rdchem.Mol object at 0x7f6ed60f45f0>,<rdkit.DataStructs.cDataStructs.ExplicitBitVect object at 0x7f6ed5b6d540>
5,CARBENICILLIN INDANYL SODIUM,0,CC1(C)S[C@@H]2[C@H](NC(=O)C(C(=O)Oc3ccc4c(c3)CCC4)c3ccccc3)C(=O)N2[C@H]1C(=O)[O-].[Na+],-cillin,<rdkit.Chem.rdchem.Mol object at 0x7f6ed60f4660>,<rdkit.DataStructs.cDataStructs.ExplicitBitVect object at 0x7f6ed5b6d5b0>
6,TALAMPICILLIN,0,CC1(C)S[C@@H]2[C@H](NC(=O)[C@H](N)c3ccccc3)C(=O)N2[C@H]1C(=O)OC1OC(=O)c2ccccc21,-cillin,<rdkit.Chem.rdchem.Mol object at 0x7f6ed60f46d0>,<rdkit.DataStructs.cDataStructs.ExplicitBitVect object at 0x7f6ed5b6d620>
7,PENAMECILLIN,0,CC(=O)OCOC(=O)[C@@H]1N2C(=O)[C@@H](NC(=O)Cc3ccccc3)[C@H]2SC1(C)C,-cillin,<rdkit.Chem.rdchem.Mol object at 0x7f6ed60f4740>,<rdkit.DataStructs.cDataStructs.ExplicitBitVect object at 0x7f6ed5b6d690>
8,OXACILLIN,0,Cc1onc(-c2ccccc2)c1C(=O)N[C@@H]1C(=O)N2[C@@H]1SC(C)(C)[C@@H]2C(=O)O,-cillin,<rdkit.Chem.rdchem.Mol object at 0x7f6ed60f47b0>,<rdkit.DataStructs.cDataStructs.ExplicitBitVect object at 0x7f6ed5b6d700>
9,BACAMPICILLIN,0,CCOC(=O)OC(C)OC(=O)[C@@H]1N2C(=O)[C@@H](NC(=O)[C@H](N)c3ccccc3)[C@H]2SC1(C)C,-cillin,<rdkit.Chem.rdchem.Mol object at 0x7f6ed60f4820>,<rdkit.DataStructs.cDataStructs.ExplicitBitVect object at 0x7f6ed5b6d770>
10,DICLOXACILLIN,0,Cc1onc(-c2c(Cl)cccc2Cl)c1C(=O)N[C@@H]1C(=O)N2[C@@H]1SC(C)(C)[C@@H]2C(=O)O,-cillin,<rdkit.Chem.rdchem.Mol object at 0x7f6ed60f4890>,<rdkit.DataStructs.cDataStructs.ExplicitBitVect object at 0x7f6ed5b6d7e0>
11,PIVAMPICILLIN,0,CC(C)(C)C(=O)OCOC(=O)[C@@H]1N2C(=O)[C@@H](NC(=O)[C@H](N)c3ccccc3)[C@H]2SC1(C)C,-cillin,<rdkit.Chem.rdchem.Mol object at 0x7f6ed60f4900>,<rdkit.DataStructs.cDataStructs.ExplicitBitVect object at 0x7f6ed5b6d850>
12,OXACILLIN SODIUM,0,Cc1onc(-c2ccccc2)c1C(=O)N[C@@H]1C(=O)N2[C@@H]1SC(C)(C)[C@@H]2C(=O)[O-].O.[Na+],-cillin,<rdkit.Chem.rdchem.Mol object at 0x7f6ed60f4970>,<rdkit.DataStructs.cDataStructs.ExplicitBitVect object at 0x7f6ed5b6d8c0>
13,HETACILLIN POTASSIUM,0,CC1(C)S[C@@H]2[C@H](N3C(=O)[C@@H](c4ccccc4)NC3(C)C)C(=O)N2[C@H]1C(=O)[O-].[K+],-cillin,<rdkit.Chem.rdchem.Mol object at 0x7f6ed60f49e0>,<rdkit.DataStructs.cDataStructs.ExplicitBitVect object at 0x7f6ed5b6d930>
14,CARBENICILLIN PHENYL,0,CC1(C)S[C@@H]2[C@H](NC(=O)C(C(=O)Oc3ccccc3)c3ccccc3)C(=O)N2[C@H]1C(=O)O,-cillin,<rdkit.Chem.rdchem.Mol object at 0x7f6ed60f4a50>,<rdkit.DataStructs.cDataStructs.ExplicitBitVect object at 0x7f6ed5b6d9a0>
15,AMDINOCILLIN PIVOXIL,0,CC(C)(C)C(=O)OCOC(=O)[C@@H]1N2C(=O)[C@@H](/N=C/N3CCCCCC3)[C@H]2SC1(C)C,-cillin,<rdkit.Chem.rdchem.Mol object at 0x7f6ed60f4ac0>,<rdkit.DataStructs.cDataStructs.ExplicitBitVect object at 0x7f6ed5b6da10>
16,AZLOCILLIN,1,CC1(C)S[C@@H]2[C@H](NC(=O)[C@H](NC(=O)N3CCNC3=O)c3ccccc3)C(=O)N2[C@H]1C(=O)O,-cillin,<rdkit.Chem.rdchem.Mol object at 0x7f6ed60f4b30>,<rdkit.DataStructs.cDataStructs.ExplicitBitVect object at 0x7f6ed5b6da80>
17,CLOXACILLIN SODIUM,0,Cc1onc(-c2ccccc2Cl)c1C(=O)N[C@@H]1C(=O)N2[C@@H]1SC(C)(C)[C@@H]2C(=O)[O-].O.[Na+],-cillin,<rdkit.Chem.rdchem.Mol object at 0x7f6ed60f4ba0>,<rdkit.DataStructs.cDataStructs.ExplicitBitVect object at 0x7f6ed5b6daf0>
18,CLOXACILLIN,0,Cc1onc(-c2ccccc2Cl)c1C(=O)N[C@@H]1C(=O)N2[C@@H]1SC(C)(C)[C@@H]2C(=O)O,-cillin,<rdkit.Chem.rdchem.Mol object at 0x7f6ed60f4c10>,<rdkit.DataStructs.cDataStructs.ExplicitBitVect object at 0x7f6ed5b6db60>
19,CYCLACILLIN,0,CC1(C)S[C@@H]2[C@H](NC(=O)C3(N)CCCCC3)C(=O)N2[C@H]1C(=O)O,-cillin,<rdkit.Chem.rdchem.Mol object at 0x7f6ed60f4c80>,<rdkit.DataStructs.cDataStructs.ExplicitBitVect object at 0x7f6ed5b6dbd0>
20,AMDINOCILLIN,0,CC1(C)S[C@@H]2[C@H](/N=C/N3CCCCCC3)C(=O)N2[C@H]1C(=O)O,-cillin,<rdkit.Chem.rdchem.Mol object at 0x7f6ed60f4cf0>,<rdkit.DataStructs.cDataStructs.ExplicitBitVect object at 0x7f6ed5b6dc40>
21,AZLOCILLIN SODIUM,1,CC1(C)S[C@@H]2[C@H](NC(=O)[C@H](NC(=O)N3CCNC3=O)c3ccccc3)C(=O)N2[C@H]1C(=O)[O-].[Na+],-cillin,<rdkit.Chem.rdchem.Mol object at 0x7f6ed60f4d60>,<rdkit.DataStructs.cDataStructs.ExplicitBitVect object at 0x7f6ed5b6dcb0>
22,PENICILLIN G SODIUM,0,CC1(C)S[C@@H]2[C@H](NC(=O)Cc3ccccc3)C(=O)N2[C@H]1C(=O)[O-].[Na+],-cillin,<rdkit.Chem.rdchem.Mol object at 0x7f6ed60f4dd0>,<rdkit.DataStructs.cDataStructs.ExplicitBitVect object at 0x7f6ed5b6dd20>
23,METHICILLIN SODIUM,0,COc1cccc(OC)c1C(=O)N[C@@H]1C(=O)N2[C@@H]1SC(C)(C)[C@@H]2C(=O)[O-].O.[Na+],-cillin,<rdkit.Chem.rdchem.Mol object at 0x7f6ed60f4e40>,<rdkit.DataStructs.cDataStructs.ExplicitBitVect object at 0x7f6ed5b6dd90>
24,METHICILLIN,0,COc1cccc(OC)c1C(=O)N[C@@H]1C(=O)N2[C@@H]1SC(C)(C)[C@@H]2C(=O)O,-cillin,<rdkit.Chem.rdchem.Mol object at 0x7f6ed60f4eb0>,<rdkit.DataStructs.cDataStructs.ExplicitBitVect object at 0x7f6ed5b6de00>
25,CARBENICILLIN DISODIUM,0,CC1(C)S[C@@H]2[C@H](NC(=O)C(C(=O)[O-])c3ccccc3)C(=O)N2[C@H]1C(=O)[O-].[Na+].[Na+],-cillin,<rdkit.Chem.rdchem.Mol object at 0x7f6ed60f4f20>,<rdkit.DataStructs.cDataStructs.ExplicitBitVect object at 0x7f6ed5b6de70>
26,HETACILLIN,0,CC1(C)S[C@@H]2[C@H](N3C(=O)[C@@H](c4ccccc4)NC3(C)C)C(=O)N2[C@H]1C(=O)O,-cillin,<rdkit.Chem.rdchem.Mol object at 0x7f6ed60f4f90>,<rdkit.DataStructs.cDataStructs.ExplicitBitVect object at 0x7f6ed5b6dee0>
27,FLOXACILLIN,0,Cc1onc(-c2c(F)cccc2Cl)c1C(=O)N[C@@H]1C(=O)N2[C@@H]1SC(C)(C)[C@@H]2C(=O)O,-cillin,<rdkit.Chem.rdchem.Mol object at 0x7f6ed60f5000>,<rdkit.DataStructs.cDataStructs.ExplicitBitVect object at 0x7f6ed5b6df50>
28,PHENETHICILLIN,0,CC(Oc1ccccc1)C(=O)N[C@@H]1C(=O)N2[C@@H]1SC(C)(C)[C@@H]2C(=O)O,-cillin,<rdkit.Chem.rdchem.Mol object at 0x7f6ed60f5070>,<rdkit.DataStructs.cDataStructs.ExplicitBitVect object at 0x7f6ed5b6dfc0>
29,TICARCILLIN DISODIUM,0,CC1(C)S[C@@H]2[C@H](NC(=O)[C@H](C(=O)[O-])c3ccsc3)C(=O)N2[C@H]1C(=O)[O-].[Na+].[Na+],-cillin,<rdkit.Chem.rdchem.Mol object at 0x7f6ed60f50e0>,<rdkit.DataStructs.cDataStructs.ExplicitBitVect object at 0x7f6ed5b6e030>
30,NAFCILLIN,0,CCOc1ccc2ccccc2c1C(=O)N[C@@H]1C(=O)N2[C@@H]1SC(C)(C)[C@@H]2C(=O)O,-cillin,<rdkit.Chem.rdchem.Mol object at 0x7f6ed60f5150>,<rdkit.DataStructs.cDataStructs.ExplicitBitVect object at 0x7f6ed5b6e0a0>
31,AMPICILLIN,0,CC1(C)S[C@@H]2[C@H](NC(=O)[C@H](N)c3ccccc3)C(=O)N2[C@H]1C(=O)O,-cillin,<rdkit.Chem.rdchem.Mol object at 0x7f6ed60f51c0>,<rdkit.DataStructs.cDataStructs.ExplicitBitVect object at 0x7f6ed5b6e110>
32,PENICILLIN V POTASSIUM,0,CC1(C)S[C@@H]2[C@H](NC(=O)COc3ccccc3)C(=O)N2[C@H]1C(=O)[O-].[K+],-cillin,<rdkit.Chem.rdchem.Mol object at 0x7f6ed60f5230>,<rdkit.DataStructs.cDataStructs.ExplicitBitVect object at 0x7f6ed5b6e180>
33,CARBENICILLIN INDANYL,0,CC1(C)S[C@@H]2[C@H](NC(=O)C(C(=O)Oc3ccc4c(c3)CCC4)c3ccccc3)C(=O)N2[C@H]1C(=O)O,-cillin,<rdkit.Chem.rdchem.Mol object at 0x7f6ed60f52a0>,<rdkit.DataStructs.cDataStructs.ExplicitBitVect object at 0x7f6ed5b6e1f0>
34,PROPICILLIN,0,CCC(Oc1ccccc1)C(=O)N[C@@H]1C(=O)N2[C@@H]1SC(C)(C)[C@@H]2C(=O)O,-cillin,<rdkit.Chem.rdchem.Mol object at 0x7f6ed60f5310>,<rdkit.DataStructs.cDataStructs.ExplicitBitVect object at 0x7f6ed5b6e260>
35,DICLOXACILLIN SODIUM,0,Cc1onc(-c2c(Cl)cccc2Cl)c1C(=O)N[C@@H]1C(=O)N2[C@@H]1SC(C)(C)[C@@H]2C(=O)[O-].O.[Na+],-cillin,<rdkit.Chem.rdchem.Mol object at 0x7f6ed60f5380>,<rdkit.DataStructs.cDataStructs.ExplicitBitVect object at 0x7f6ed5b6e2d0>
36,BENZYLPENICILLIN,0,CC1(C)S[C@@H]2[C@H](NC(=O)Cc3ccccc3)C(=O)N2[C@H]1C(=O)O,-cillin,<rdkit.Chem.rdchem.Mol object at 0x7f6ed60f53f0>,<rdkit.DataStructs.cDataStructs.ExplicitBitVect object at 0x7f6ed5b6e340>
37,AMOXICILLIN,0,CC1(C)S[C@@H]2[C@H](NC(=O)[C@H](N)c3ccc(O)cc3)C(=O)N2[C@H]1C(=O)O,-cillin,<rdkit.Chem.rdchem.Mol object at 0x7f6ed60f5460>,<rdkit.DataStructs.cDataStructs.ExplicitBitVect object at 0x7f6ed5b6e3b0>
38,AMPICILLIN SODIUM,0,CC1(C)S[C@@H]2[C@H](NC(=O)[C@H](N)c3ccccc3)C(=O)N2[C@H]1C(=O)[O-].[Na+],-cillin,<rdkit.Chem.rdchem.Mol object at 0x7f6ed60f54d0>,<rdkit.DataStructs.cDataStructs.ExplicitBitVect object at 0x7f6ed5b6e420>
39,NAFCILLIN SODIUM,0,CCOc1ccc2ccccc2c1C(=O)N[C@@H]1C(=O)N2[C@@H]1SC(C)(C)[C@@H]2C(=O)[O-].O.[Na+],-cillin,<rdkit.Chem.rdchem.Mol object at 0x7f6ed60f5540>,<rdkit.DataStructs.cDataStructs.ExplicitBitVect object at 0x7f6ed5b6e490>
40,TICARCILLIN,0,CC1(C)S[C@@H]2[C@H](NC(=O)[C@H](C(=O)O)c3ccsc3)C(=O)N2[C@H]1C(=O)O,-cillin,<rdkit.Chem.rdchem.Mol object at 0x7f6ed60f55b0>,<rdkit.DataStructs.cDataStructs.ExplicitBitVect object at 0x7f6ed5b6e500>
41,PENICILLIN V,0,CC1(C)S[C@@H]2[C@H](NC(=O)COc3ccccc3)C(=O)N2[C@H]1C(=O)O,-cillin,<rdkit.Chem.rdchem.Mol object at 0x7f6ed60f5620>,<rdkit.DataStructs.cDataStructs.ExplicitBitVect object at 0x7f6ed5b6e570>
42,CARBENICILLIN,0,CC1(C)S[C@@H]2[C@H](NC(=O)C(C(=O)O)c3ccccc3)C(=O)N2[C@H]1C(=O)O,-cillin,<rdkit.Chem.rdchem.Mol object at 0x7f6ed60f5690>,<rdkit.DataStructs.cDataStructs.ExplicitBitVect object at 0x7f6ed5b6e5e0>
43,BENETHAMINE PENICILLIN,0,CC1(C)S[C@@H]2[C@H](NC(=O)Cc3ccccc3)C(=O)N2[C@H]1C(=O)O.c1ccc(CCNCc2ccccc2)cc1,-cillin,<rdkit.Chem.rdchem.Mol object at 0x7f6ed60f5700>,<rdkit.DataStructs.cDataStructs.ExplicitBitVect object at 0x7f6ed5b6e650>
44,PENICILLIN G POTASSIUM,0,CC1(C)S[C@@H]2[C@H](NC(=O)Cc3ccccc3)C(=O)N2[C@H]1C(=O)[O-].[K+],-cillin,<rdkit.Chem.rdchem.Mol object at 0x7f6ed60f5770>,<rdkit.DataStructs.cDataStructs.ExplicitBitVect object at 0x7f6ed5b6e6c0>
45,PENICILLIN G BENZATHINE,0,CC1(C)S[C@@H]2[C@H](NC(=O)Cc3ccccc3)C(=O)N2[C@H]1C(=O)O.CC1(C)S[C@@H]2[C@H](NC(=O)Cc3ccccc3)C(=O)N2[C@H]1C(=O)O.O.O.O.O.c1ccc(CNCCNCc2ccccc2)cc1,-cillin,<rdkit.Chem.rdchem.Mol object at 0x7f6ed60f57e0>,<rdkit.DataStructs.cDataStructs.ExplicitBitVect object at 0x7f6ed5b6e730>
0,FENTICONAZOLE,1,Clc1ccc(C(Cn2ccnc2)OCc2ccc(Sc3ccccc3)cc2)c(Cl)c1,-conazole,<rdkit.Chem.rdchem.Mol object at 0x7f6ed60f5850>,<rdkit.DataStructs.cDataStructs.ExplicitBitVect object at 0x7f6ed5b6e7a0>
1,FENTICONAZOLE NITRATE,1,Clc1ccc(C(Cn2ccnc2)OCc2ccc(Sc3ccccc3)cc2)c(Cl)c1.O=[N+]([O-])O,-conazole,<rdkit.Chem.rdchem.Mol object at 0x7f6ed60f58c0>,<rdkit.DataStructs.cDataStructs.ExplicitBitVect object at 0x7f6ed5b6e810>
2,ISOCONAZOLE,1,Clc1ccc(C(Cn2ccnc2)OCc2c(Cl)cccc2Cl)c(Cl)c1,-conazole,<rdkit.Chem.rdchem.Mol object at 0x7f6ed60f5930>,<rdkit.DataStructs.cDataStructs.ExplicitBitVect object at 0x7f6ed5b6e880>
3,VORICONAZOLE,0,C[C@@H](c1ncncc1F)[C@](O)(Cn1cncn1)c1ccc(F)cc1F,-conazole,<rdkit.Chem.rdchem.Mol object at 0x7f6ed60f59a0>,<rdkit.DataStructs.cDataStructs.ExplicitBitVect object at 0x7f6ed5b6e8f0>
4,TERCONAZOLE,1,CC(C)N1CCN(c2ccc(OC[C@H]3CO[C@](Cn4cncn4)(c4ccc(Cl)cc4Cl)O3)cc2)CC1,-conazole,<rdkit.Chem.rdchem.Mol object at 0x7f6ed60f5a10>,<rdkit.DataStructs.cDataStructs.ExplicitBitVect object at 0x7f6ed5b6e960>
5,LULICONAZOLE,1,N#C/C(=C1/SC[C@@H](c2ccc(Cl)cc2Cl)S1)n1ccnc1,-conazole,<rdkit.Chem.rdchem.Mol object at 0x7f6ed60f5a80>,<rdkit.DataStructs.cDataStructs.ExplicitBitVect object at 0x7f6ed5b6e9d0>
6,SERTACONAZOLE,1,Clc1ccc(C(Cn2ccnc2)OCc2csc3c(Cl)cccc23)c(Cl)c1,-conazole,<rdkit.Chem.rdchem.Mol object at 0x7f6ed60f5af0>,<rdkit.DataStructs.cDataStructs.ExplicitBitVect object at 0x7f6ed5b6ea40>
7,SULCONAZOLE,1,Clc1ccc(CSC(Cn2ccnc2)c2ccc(Cl)cc2Cl)cc1,-conazole,<rdkit.Chem.rdchem.Mol object at 0x7f6ed60f5b60>,<rdkit.DataStructs.cDataStructs.ExplicitBitVect object at 0x7f6ed5b6eab0>
8,BUTOCONAZOLE,1,Clc1ccc(CCC(Cn2ccnc2)Sc2c(Cl)cccc2Cl)cc1,-conazole,<rdkit.Chem.rdchem.Mol object at 0x7f6ed60f5bd0>,<rdkit.DataStructs.cDataStructs.ExplicitBitVect object at 0x7f6ed5b6eb20>
9,OXICONAZOLE,1,Clc1ccc(CO/N=C(\Cn2ccnc2)c2ccc(Cl)cc2Cl)c(Cl)c1,-conazole,<rdkit.Chem.rdchem.Mol object at 0x7f6ed60f5c40>,<rdkit.DataStructs.cDataStructs.ExplicitBitVect object at 0x7f6ed5b6eb90>
10,OXICONAZOLE NITRATE,1,Clc1ccc(CO/N=C(\Cn2ccnc2)c2ccc(Cl)cc2Cl)c(Cl)c1.O=[N+]([O-])O,-conazole,<rdkit.Chem.rdchem.Mol object at 0x7f6ed60f5cb0>,<rdkit.DataStructs.cDataStructs.ExplicitBitVect object at 0x7f6ed5b6ec00>
11,OTESECONAZOLE,1,O[C@@](Cn1cnnn1)(c1ccc(F)cc1F)C(F)(F)c1ccc(-c2ccc(OCC(F)(F)F)cc2)cn1,-conazole,<rdkit.Chem.rdchem.Mol object at 0x7f6ed60f5d20>,<rdkit.DataStructs.cDataStructs.ExplicitBitVect object at 0x7f6ed5b6ec70>
12,SERTACONAZOLE NITRATE,1,Clc1ccc(C(Cn2ccnc2)OCc2csc3c(Cl)cccc23)c(Cl)c1.O=[N+]([O-])O,-conazole,<rdkit.Chem.rdchem.Mol object at 0x7f6ed60f5d90>,<rdkit.DataStructs.cDataStructs.ExplicitBitVect object at 0x7f6ed5b6ece0>
13,TIOCONAZOLE,1,Clc1ccc(C(Cn2ccnc2)OCc2ccsc2Cl)c(Cl)c1,-conazole,<rdkit.Chem.rdchem.Mol object at 0x7f6ed60f5e00>,<rdkit.DataStructs.cDataStructs.ExplicitBitVect object at 0x7f6ed5b6ed50>
14,ECONAZOLE NITRATE,1,Clc1ccc(COC(Cn2ccnc2)c2ccc(Cl)cc2Cl)cc1.O=[N+]([O-])O,-conazole,<rdkit.Chem.rdchem.Mol object at 0x7f6ed60f5e70>,<rdkit.DataStructs.cDataStructs.ExplicitBitVect object at 0x7f6ed5b6edc0>
15,ECONAZOLE,1,Clc1ccc(COC(Cn2ccnc2)c2ccc(Cl)cc2Cl)cc1,-conazole,<rdkit.Chem.rdchem.Mol object at 0x7f6ed60f5ee0>,<rdkit.DataStructs.cDataStructs.ExplicitBitVect object at 0x7f6ed5b6ee30>
16,KETOCONAZOLE,1,CC(=O)N1CCN(c2ccc(OCC3COC(Cn4ccnc4)(c4ccc(Cl)cc4Cl)O3)cc2)CC1,-conazole,<rdkit.Chem.rdchem.Mol object at 0x7f6ed60f5f50>,<rdkit.DataStructs.cDataStructs.ExplicitBitVect object at 0x7f6ed5b6eea0>
17,MICONAZOLE NITRATE,1,Clc1ccc(COC(Cn2ccnc2)c2ccc(Cl)cc2Cl)c(Cl)c1.O=[N+]([O-])O,-conazole,<rdkit.Chem.rdchem.Mol object at 0x7f6ed60f5fc0>,<rdkit.DataStructs.cDataStructs.ExplicitBitVect object at 0x7f6ed5b6ef10>
18,FLUCONAZOLE,0,OC(Cn1cncn1)(Cn1cncn1)c1ccc(F)cc1F,-conazole,<rdkit.Chem.rdchem.Mol object at 0x7f6ed60f6030>,<rdkit.DataStructs.cDataStructs.ExplicitBitVect object at 0x7f6ed5b6ef80>
19,BUTOCONAZOLE NITRATE,1,Clc1ccc(CCC(Cn2ccnc2)Sc2c(Cl)cccc2Cl)cc1.O=[N+]([O-])O,-conazole,<rdkit.Chem.rdchem.Mol object at 0x7f6ed60f60a0>,<rdkit.DataStructs.cDataStructs.ExplicitBitVect object at 0x7f6ed5b6eff0>
20,LEVOKETOCONAZOLE,1,CC(=O)N1CCN(c2ccc(OC[C@@H]3CO[C@@](Cn4ccnc4)(c4ccc(Cl)cc4Cl)O3)cc2)CC1,-conazole,<rdkit.Chem.rdchem.Mol object at 0x7f6ed60f6110>,<rdkit.DataStructs.cDataStructs.ExplicitBitVect object at 0x7f6ed5b6f060>
21,ISAVUCONAZOLE,0,C[C@@H](c1nc(-c2ccc(C#N)cc2)cs1)[C@](O)(Cn1cncn1)c1cc(F)ccc1F,-conazole,<rdkit.Chem.rdchem.Mol object at 0x7f6ed60f6180>,<rdkit.DataStructs.cDataStructs.ExplicitBitVect object at 0x7f6ed5b6f0d0>
22,MICONAZOLE,1,Clc1ccc(COC(Cn2ccnc2)c2ccc(Cl)cc2Cl)c(Cl)c1,-conazole,<rdkit.Chem.rdchem.Mol object at 0x7f6ed60f61f0>,<rdkit.DataStructs.cDataStructs.ExplicitBitVect object at 0x7f6ed5b6f140>
23,SULCONAZOLE NITRATE,1,Clc1ccc(CSC(Cn2ccnc2)c2ccc(Cl)cc2Cl)cc1.O=[N+]([O-])O,-conazole,<rdkit.Chem.rdchem.Mol object at 0x7f6ed60f6260>,<rdkit.DataStructs.cDataStructs.ExplicitBitVect object at 0x7f6ed5b6f1b0>
0,CELIPROLOL HYDROCHLORIDE,0,CCN(CC)C(=O)Nc1ccc(OCC(O)CNC(C)(C)C)c(C(C)=O)c1.Cl,-olol,<rdkit.Chem.rdchem.Mol object at 0x7f6ed60f62d0>,<rdkit.DataStructs.cDataStructs.ExplicitBitVect object at 0x7f6ed5b6f220>
1,METIPRANOLOL,0,CC(=O)Oc1c(C)cc(OCC(O)CNC(C)C)c(C)c1C,-olol,<rdkit.Chem.rdchem.Mol object at 0x7f6ed60f6340>,<rdkit.DataStructs.cDataStructs.ExplicitBitVect object at 0x7f6ed5b6f290>
2,NEBIVOLOL,0,OC(CNCC(O)C1CCc2cc(F)ccc2O1)C1CCc2cc(F)ccc2O1,-olol,<rdkit.Chem.rdchem.Mol object at 0x7f6ed60f63b0>,<rdkit.DataStructs.cDataStructs.ExplicitBitVect object at 0x7f6ed5b6f300>
3,LEVOBUNOLOL HYDROCHLORIDE,0,CC(C)(C)NC[C@H](O)COc1cccc2c1CCCC2=O.Cl,-olol,<rdkit.Chem.rdchem.Mol object at 0x7f6ed60f6420>,<rdkit.DataStructs.cDataStructs.ExplicitBitVect object at 0x7f6ed5b6f370>
4,METIPRANOLOL HYDROCHLORIDE,0,CC(=O)Oc1c(C)cc(OCC(O)CNC(C)C)c(C)c1C.Cl,-olol,<rdkit.Chem.rdchem.Mol object at 0x7f6ed60f6490>,<rdkit.DataStructs.cDataStructs.ExplicitBitVect object at 0x7f6ed5b6f3e0>
5,METOPROLOL FUMARATE,0,COCCc1ccc(OCC(O)CNC(C)C)cc1.COCCc1ccc(OCC(O)CNC(C)C)cc1.O=C(O)/C=C/C(=O)O,-olol,<rdkit.Chem.rdchem.Mol object at 0x7f6ed60f6500>,<rdkit.DataStructs.cDataStructs.ExplicitBitVect object at 0x7f6ed5b6f450>
6,PINDOLOL,0,CC(C)NCC(O)COc1cccc2[nH]ccc12,-olol,<rdkit.Chem.rdchem.Mol object at 0x7f6ed60f6570>,<rdkit.DataStructs.cDataStructs.ExplicitBitVect object at 0x7f6ed5b6f4c0>
7,LEVOBUNOLOL,0,CC(C)(C)NC[C@H](O)COc1cccc2c1CCCC2=O,-olol,<rdkit.Chem.rdchem.Mol object at 0x7f6ed60f65e0>,<rdkit.DataStructs.cDataStructs.ExplicitBitVect object at 0x7f6ed5b6f530>
8,CARTEOLOL HYDROCHLORIDE,0,CC(C)(C)NCC(O)COc1cccc2c1CCC(=O)N2.Cl,-olol,<rdkit.Chem.rdchem.Mol object at 0x7f6ed60f6650>,<rdkit.DataStructs.cDataStructs.ExplicitBitVect object at 0x7f6ed5b6f5a0>
9,ESMOLOL,0,COC(=O)CCc1ccc(OCC(O)CNC(C)C)cc1,-olol,<rdkit.Chem.rdchem.Mol object at 0x7f6ed60f66c0>,<rdkit.DataStructs.cDataStructs.ExplicitBitVect object at 0x7f6ed5b6f610>
10,CARTEOLOL,0,CC(C)(C)NCC(O)COc1cccc2c1CCC(=O)N2,-olol,<rdkit.Chem.rdchem.Mol object at 0x7f6ed60f6730>,<rdkit.DataStructs.cDataStructs.ExplicitBitVect object at 0x7f6ed5b6f680>
11,LEVOBETAXOLOL HYDROCHLORIDE,0,CC(C)NC[C@H](O)COc1ccc(CCOCC2CC2)cc1.Cl,-olol,<rdkit.Chem.rdchem.Mol object at 0x7f6ed60f67a0>,<rdkit.DataStructs.cDataStructs.ExplicitBitVect object at 0x7f6ed5b6f6f0>
12,CELIPROLOL,0,CCN(CC)C(=O)Nc1ccc(OCC(O)CNC(C)(C)C)c(C(C)=O)c1,-olol,<rdkit.Chem.rdchem.Mol object at 0x7f6ed60f6810>,<rdkit.DataStructs.cDataStructs.ExplicitBitVect object at 0x7f6ed5b6f760>
13,PROPRANOLOL HYDROCHLORIDE,0,CC(C)NCC(O)COc1cccc2ccccc12.Cl,-olol,<rdkit.Chem.rdchem.Mol object at 0x7f6ed60f6880>,<rdkit.DataStructs.cDataStructs.ExplicitBitVect object at 0x7f6ed5b6f7d0>
14,TIMOLOL MALEATE,0,CC(C)(C)NC[C@H](O)COc1nsnc1N1CCOCC1.O=C(O)/C=C\C(=O)O,-olol,<rdkit.Chem.rdchem.Mol object at 0x7f6ed60f68f0>,<rdkit.DataStructs.cDataStructs.ExplicitBitVect object at 0x7f6ed5b6f840>
15,LEVOBETAXOLOL,0,CC(C)NC[C@H](O)COc1ccc(CCOCC2CC2)cc1,-olol,<rdkit.Chem.rdchem.Mol object at 0x7f6ed60f6960>,<rdkit.DataStructs.cDataStructs.ExplicitBitVect object at 0x7f6ed5b6f8b0>
16,PRACTOLOL,0,CC(=O)Nc1ccc(OCC(O)CNC(C)C)cc1,-olol,<rdkit.Chem.rdchem.Mol object at 0x7f6ed60f69d0>,<rdkit.DataStructs.cDataStructs.ExplicitBitVect object at 0x7f6ed5b6f920>
17,OXPRENOLOL,0,C=CCOc1ccccc1OCC(O)CNC(C)C,-olol,<rdkit.Chem.rdchem.Mol object at 0x7f6ed60f6a40>,<rdkit.DataStructs.cDataStructs.ExplicitBitVect object at 0x7f6ed5b6f990>
18,TERTATOLOL,0,CC(C)(C)NCC(O)COc1cccc2c1SCCC2,-olol,<rdkit.Chem.rdchem.Mol object at 0x7f6ed60f6ab0>,<rdkit.DataStructs.cDataStructs.ExplicitBitVect object at 0x7f6ed5b6fa00>
19,ESMOLOL HYDROCHLORIDE,0,COC(=O)CCc1ccc(OCC(O)CNC(C)C)cc1.Cl,-olol,<rdkit.Chem.rdchem.Mol object at 0x7f6ed60f6b20>,<rdkit.DataStructs.cDataStructs.ExplicitBitVect object at 0x7f6ed5b6fa70>
20,PENBUTOLOL,0,CC(C)(C)NC[C@H](O)COc1ccccc1C1CCCC1,-olol,<rdkit.Chem.rdchem.Mol object at 0x7f6ed60f6b90>,<rdkit.DataStructs.cDataStructs.ExplicitBitVect object at 0x7f6ed5b6fae0>
21,ATENOLOL,0,CC(C)NCC(O)COc1ccc(CC(N)=O)cc1,-olol,<rdkit.Chem.rdchem.Mol object at 0x7f6ed60f6c00>,<rdkit.DataStructs.cDataStructs.ExplicitBitVect object at 0x7f6ed5b6fb50>
22,PENBUTOLOL SULFATE,0,CC(C)(C)NC[C@H](O)COc1ccccc1C1CCCC1.CC(C)(C)NC[C@H](O)COc1ccccc1C1CCCC1.O=S(=O)(O)O,-olol,<rdkit.Chem.rdchem.Mol object at 0x7f6ed60f6c70>,<rdkit.DataStructs.cDataStructs.ExplicitBitVect object at 0x7f6ed5b6fbc0>
23,OXPRENOLOL HYDROCHLORIDE,0,C=CCOc1ccccc1OCC(O)CNC(C)C.Cl,-olol,<rdkit.Chem.rdchem.Mol object at 0x7f6ed60f6ce0>,<rdkit.DataStructs.cDataStructs.ExplicitBitVect object at 0x7f6ed5b6fc30>
24,METOPROLOL SUCCINATE,0,COCCc1ccc(OCC(O)CNC(C)C)cc1.COCCc1ccc(OCC(O)CNC(C)C)cc1.O=C(O)CCC(=O)O,-olol,<rdkit.Chem.rdchem.Mol object at 0x7f6ed60f6d50>,<rdkit.DataStructs.cDataStructs.ExplicitBitVect object at 0x7f6ed5b6fca0>
25,BISOPROLOL FUMARATE,0,CC(C)NCC(O)COc1ccc(COCCOC(C)C)cc1.CC(C)NCC(O)COc1ccc(COCCOC(C)C)cc1.O=C(O)/C=C/C(=O)O,-olol,<rdkit.Chem.rdchem.Mol object at 0x7f6ed60f6dc0>,<rdkit.DataStructs.cDataStructs.ExplicitBitVect object at 0x7f6ed5b6fd10>
26,ACEBUTOLOL,0,CCCC(=O)Nc1ccc(OCC(O)CNC(C)C)c(C(C)=O)c1,-olol,<rdkit.Chem.rdchem.Mol object at 0x7f6ed60f6e30>,<rdkit.DataStructs.cDataStructs.ExplicitBitVect object at 0x7f6ed5b6fd80>
27,NEBIVOLOL HYDROCHLORIDE,0,Cl.OC(CNCC(O)C1CCc2cc(F)ccc2O1)C1CCc2cc(F)ccc2O1,-olol,<rdkit.Chem.rdchem.Mol object at 0x7f6ed60f6ea0>,<rdkit.DataStructs.cDataStructs.ExplicitBitVect object at 0x7f6ed5b6fdf0>
28,METOPROLOL TARTRATE,0,COCCc1ccc(OCC(O)CNC(C)C)cc1.COCCc1ccc(OCC(O)CNC(C)C)cc1.O=C(O)C(O)C(O)C(=O)O,-olol,<rdkit.Chem.rdchem.Mol object at 0x7f6ed60f6f10>,<rdkit.DataStructs.cDataStructs.ExplicitBitVect object at 0x7f6ed5b6fe60>
29,ACEBUTOLOL HYDROCHLORIDE,0,CCCC(=O)Nc1ccc(OCC(O)CNC(C)C)c(C(C)=O)c1.Cl,-olol,<rdkit.Chem.rdchem.Mol object at 0x7f6ed60f6f80>,<rdkit.DataStructs.cDataStructs.ExplicitBitVect object at 0x7f6ed5b6fed0>
30,STANOZOLOL,0,C[C@]12Cc3c[nH]nc3C[C@@H]1CC[C@@H]1[C@@H]2CC[C@@]2(C)[C@H]1CC[C@]2(C)O,-olol,<rdkit.Chem.rdchem.Mol object at 0x7f6ed60f6ff0>,<rdkit.DataStructs.cDataStructs.ExplicitBitVect object at 0x7f6ed5b6ff40>
31,BETAXOLOL HYDROCHLORIDE,0,CC(C)NCC(O)COc1ccc(CCOCC2CC2)cc1.Cl,-olol,<rdkit.Chem.rdchem.Mol object at 0x7f6ed60f7060>,<rdkit.DataStructs.cDataStructs.ExplicitBitVect object at 0x7f6ed59ec040>
32,METOPROLOL,0,COCCc1ccc(OCC(O)CNC(C)C)cc1,-olol,<rdkit.Chem.rdchem.Mol object at 0x7f6ed60f70d0>,<rdkit.DataStructs.cDataStructs.ExplicitBitVect object at 0x7f6ed59ec0b0>
33,PROPRANOLOL,0,CC(C)NCC(O)COc1cccc2ccccc12,-olol,<rdkit.Chem.rdchem.Mol object at 0x7f6ed60f7140>,<rdkit.DataStructs.cDataStructs.ExplicitBitVect object at 0x7f6ed59ec120>
34,BETAXOLOL,0,CC(C)NCC(O)COc1ccc(CCOCC2CC2)cc1,-olol,<rdkit.Chem.rdchem.Mol object at 0x7f6ed60f71b0>,<rdkit.DataStructs.cDataStructs.ExplicitBitVect object at 0x7f6ed59ec190>
35,TIMOLOL,0,CC(C)(C)NC[C@H](O)COc1nsnc1N1CCOCC1,-olol,<rdkit.Chem.rdchem.Mol object at 0x7f6ed60f7220>,<rdkit.DataStructs.cDataStructs.ExplicitBitVect object at 0x7f6ed59ec200>
36,BISOPROLOL,0,CC(C)NCC(O)COc1ccc(COCCOC(C)C)cc1,-olol,<rdkit.Chem.rdchem.Mol object at 0x7f6ed60f7290>,<rdkit.DataStructs.cDataStructs.ExplicitBitVect object at 0x7f6ed59ec270>
0,TROVAFLOXACIN MESYLATE,0,CS(=O)(=O)O.N[C@@H]1[C@H]2CN(c3nc4c(cc3F)c(=O)c(C(=O)O)cn4-c3ccc(F)cc3F)C[C@@H]12,-oxacin,<rdkit.Chem.rdchem.Mol object at 0x7f6ed60f7300>,<rdkit.DataStructs.cDataStructs.ExplicitBitVect object at 0x7f6ed59ec2e0>
1,GREPAFLOXACIN,0,Cc1c(F)c(N2CCNC(C)C2)cc2c1c(=O)c(C(=O)O)cn2C1CC1,-oxacin,<rdkit.Chem.rdchem.Mol object at 0x7f6ed60f7370>,<rdkit.DataStructs.cDataStructs.ExplicitBitVect object at 0x7f6ed59ec350>
2,OFLOXACIN,0,CC1COc2c(N3CCN(C)CC3)c(F)cc3c(=O)c(C(=O)O)cn1c23,-oxacin,<rdkit.Chem.rdchem.Mol object at 0x7f6ed60f73e0>,<rdkit.DataStructs.cDataStructs.ExplicitBitVect object at 0x7f6ed59ec3c0>
3,NORFLOXACIN,0,CCn1cc(C(=O)O)c(=O)c2cc(F)c(N3CCNCC3)cc21,-oxacin,<rdkit.Chem.rdchem.Mol object at 0x7f6ed60f7450>,<rdkit.DataStructs.cDataStructs.ExplicitBitVect object at 0x7f6ed59ec430>
4,GEMIFLOXACIN MESYLATE,0,CO/N=C1\CN(c2nc3c(cc2F)c(=O)c(C(=O)O)cn3C2CC2)CC1CN.CS(=O)(=O)O,-oxacin,<rdkit.Chem.rdchem.Mol object at 0x7f6ed60f74c0>,<rdkit.DataStructs.cDataStructs.ExplicitBitVect object at 0x7f6ed59ec4a0>
5,GREPAFLOXACIN HYDROCHLORIDE,0,Cc1c(F)c(N2CCNC(C)C2)cc2c1c(=O)c(C(=O)O)cn2C1CC1.Cl,-oxacin,<rdkit.Chem.rdchem.Mol object at 0x7f6ed60f7530>,<rdkit.DataStructs.cDataStructs.ExplicitBitVect object at 0x7f6ed59ec510>
6,BESIFLOXACIN HYDROCHLORIDE,0,Cl.N[C@@H]1CCCCN(c2c(F)cc3c(=O)c(C(=O)O)cn(C4CC4)c3c2Cl)C1,-oxacin,<rdkit.Chem.rdchem.Mol object at 0x7f6ed60f75a0>,<rdkit.DataStructs.cDataStructs.ExplicitBitVect object at 0x7f6ed59ec580>
7,SPARFLOXACIN,0,C[C@@H]1CN(c2c(F)c(N)c3c(=O)c(C(=O)O)cn(C4CC4)c3c2F)C[C@H](C)N1,-oxacin,<rdkit.Chem.rdchem.Mol object at 0x7f6ed60f7610>,<rdkit.DataStructs.cDataStructs.ExplicitBitVect object at 0x7f6ed59ec5f0>
8,ENOXACIN,0,CCn1cc(C(=O)O)c(=O)c2cc(F)c(N3CCNCC3)nc21,-oxacin,<rdkit.Chem.rdchem.Mol object at 0x7f6ed60f7680>,<rdkit.DataStructs.cDataStructs.ExplicitBitVect object at 0x7f6ed59ec660>
9,LEVOFLOXACIN,0,C[C@H]1COc2c(N3CCN(C)CC3)c(F)cc3c(=O)c(C(=O)O)cn1c23,-oxacin,<rdkit.Chem.rdchem.Mol object at 0x7f6ed60f76f0>,<rdkit.DataStructs.cDataStructs.ExplicitBitVect object at 0x7f6ed59ec6d0>
10,DELAFLOXACIN,0,Nc1nc(-n2cc(C(=O)O)c(=O)c3cc(F)c(N4CC(O)C4)c(Cl)c32)c(F)cc1F,-oxacin,<rdkit.Chem.rdchem.Mol object at 0x7f6ed60f7760>,<rdkit.DataStructs.cDataStructs.ExplicitBitVect object at 0x7f6ed59ec740>
11,FINAFLOXACIN,0,N#Cc1c(N2C[C@@H]3NCCO[C@H]3C2)c(F)cc2c(=O)c(C(=O)O)cn(C3CC3)c12,-oxacin,<rdkit.Chem.rdchem.Mol object at 0x7f6ed60f77d0>,<rdkit.DataStructs.cDataStructs.ExplicitBitVect object at 0x7f6ed59ec7b0>
12,ROSOXACIN,0,CCn1cc(C(=O)O)c(=O)c2ccc(-c3ccncc3)cc21,-oxacin,<rdkit.Chem.rdchem.Mol object at 0x7f6ed60f7840>,<rdkit.DataStructs.cDataStructs.ExplicitBitVect object at 0x7f6ed59ec820>
13,PEFLOXACIN,0,CCn1cc(C(=O)O)c(=O)c2cc(F)c(N3CCN(C)CC3)cc21,-oxacin,<rdkit.Chem.rdchem.Mol object at 0x7f6ed60f78b0>,<rdkit.DataStructs.cDataStructs.ExplicitBitVect object at 0x7f6ed59ec890>
14,OZENOXACIN,0,CNc1ncc(-c2ccc3c(=O)c(C(=O)O)cn(C4CC4)c3c2C)cc1C,-oxacin,<rdkit.Chem.rdchem.Mol object at 0x7f6ed60f7920>,<rdkit.DataStructs.cDataStructs.ExplicitBitVect object at 0x7f6ed59ec900>
15,TROVAFLOXACIN,0,N[C@@H]1[C@H]2CN(c3nc4c(cc3F)c(=O)c(C(=O)O)cn4-c3ccc(F)cc3F)C[C@@H]12,-oxacin,<rdkit.Chem.rdchem.Mol object at 0x7f6ed60f7990>,<rdkit.DataStructs.cDataStructs.ExplicitBitVect object at 0x7f6ed59ec970>
16,BESIFLOXACIN,0,N[C@@H]1CCCCN(c2c(F)cc3c(=O)c(C(=O)O)cn(C4CC4)c3c2Cl)C1,-oxacin,<rdkit.Chem.rdchem.Mol object at 0x7f6ed60f7a00>,<rdkit.DataStructs.cDataStructs.ExplicitBitVect object at 0x7f6ed59ec9e0>
17,TEMAFLOXACIN,0,CC1CN(c2cc3c(cc2F)c(=O)c(C(=O)O)cn3-c2ccc(F)cc2F)CCN1,-oxacin,<rdkit.Chem.rdchem.Mol object at 0x7f6ed60f7a70>,<rdkit.DataStructs.cDataStructs.ExplicitBitVect object at 0x7f6ed59eca50>
18,GATIFLOXACIN,0,COc1c(N2CCNC(C)C2)c(F)cc2c(=O)c(C(=O)O)cn(C3CC3)c12,-oxacin,<rdkit.Chem.rdchem.Mol object at 0x7f6ed60f7ae0>,<rdkit.DataStructs.cDataStructs.ExplicitBitVect object at 0x7f6ed59ecac0>
19,MOXIFLOXACIN,0,COc1c(N2C[C@@H]3CCCN[C@@H]3C2)c(F)cc2c(=O)c(C(=O)O)cn(C3CC3)c12,-oxacin,<rdkit.Chem.rdchem.Mol object at 0x7f6ed60f7b50>,<rdkit.DataStructs.cDataStructs.ExplicitBitVect object at 0x7f6ed59ecb30>
20,CIPROFLOXACIN HYDROCHLORIDE,0,Cl.O=C(O)c1cn(C2CC2)c2cc(N3CCNCC3)c(F)cc2c1=O,-oxacin,<rdkit.Chem.rdchem.Mol object at 0x7f6ed60f7bc0>,<rdkit.DataStructs.cDataStructs.ExplicitBitVect object at 0x7f6ed59ecba0>
21,TEMAFLOXACIN HYDROCHLORIDE,0,CC1CN(c2cc3c(cc2F)c(=O)c(C(=O)O)cn3-c2ccc(F)cc2F)CCN1.Cl,-oxacin,<rdkit.Chem.rdchem.Mol object at 0x7f6ed60f7c30>,<rdkit.DataStructs.cDataStructs.ExplicitBitVect object at 0x7f6ed59ecc10>
22,MOXIFLOXACIN HYDROCHLORIDE,0,COc1c(N2C[C@@H]3CCCN[C@@H]3C2)c(F)cc2c(=O)c(C(=O)O)cn(C3CC3)c12.Cl,-oxacin,<rdkit.Chem.rdchem.Mol object at 0x7f6ed60f7ca0>,<rdkit.DataStructs.cDataStructs.ExplicitBitVect object at 0x7f6ed59ecc80>
23,CINOXACIN,0,CCn1nc(C(=O)O)c(=O)c2cc3c(cc21)OCO3,-oxacin,<rdkit.Chem.rdchem.Mol object at 0x7f6ed60f7d10>,<rdkit.DataStructs.cDataStructs.ExplicitBitVect object at 0x7f6ed59eccf0>
24,GEMIFLOXACIN,0,CO/N=C1\CN(c2nc3c(cc2F)c(=O)c(C(=O)O)cn3C2CC2)CC1CN,-oxacin,<rdkit.Chem.rdchem.Mol object at 0x7f6ed60f7d80>,<rdkit.DataStructs.cDataStructs.ExplicitBitVect object at 0x7f6ed59ecd60>
25,DELAFLOXACIN MEGLUMINE,0,CNC[C@H](O)[C@@H](O)[C@H](O)[C@H](O)CO.Nc1nc(-n2cc(C(=O)O)c(=O)c3cc(F)c(N4CC(O)C4)c(Cl)c32)c(F)cc1F,-oxacin,<rdkit.Chem.rdchem.Mol object at 0x7f6ed60f7df0>,<rdkit.DataStructs.cDataStructs.ExplicitBitVect object at 0x7f6ed59ecdd0>
26,LOMEFLOXACIN HYDROCHLORIDE,0,CCn1cc(C(=O)O)c(=O)c2cc(F)c(N3CCNC(C)C3)c(F)c21.Cl,-oxacin,<rdkit.Chem.rdchem.Mol object at 0x7f6ed60f7e60>,<rdkit.DataStructs.cDataStructs.ExplicitBitVect object at 0x7f6ed59ece40>
27,LOMEFLOXACIN,0,CCn1cc(C(=O)O)c(=O)c2cc(F)c(N3CCNC(C)C3)c(F)c21,-oxacin,<rdkit.Chem.rdchem.Mol object at 0x7f6ed60f7ed0>,<rdkit.DataStructs.cDataStructs.ExplicitBitVect object at 0x7f6ed59eceb0>
28,CIPROFLOXACIN,0,O=C(O)c1cn(C2CC2)c2cc(N3CCNCC3)c(F)cc2c1=O,-oxacin,<rdkit.Chem.rdchem.Mol object at 0x7f6ed60f7f40>,<rdkit.DataStructs.cDataStructs.ExplicitBitVect object at 0x7f6ed59ecf20>
0,PIRENZEPINE,0,CN1CCN(CC(=O)N2c3ccccc3C(=O)Nc3cccnc32)CC1,-pine,<rdkit.Chem.rdchem.Mol object at 0x7f6ed60f8040>,<rdkit.DataStructs.cDataStructs.ExplicitBitVect object at 0x7f6ed59ecf90>
1,INDALPINE,0,c1ccc2c(CCC3CCNCC3)c[nH]c2c1,-pine,<rdkit.Chem.rdchem.Mol object at 0x7f6ed60f80b0>,<rdkit.DataStructs.cDataStructs.ExplicitBitVect object at 0x7f6ed59ed000>
2,ASENAPINE,0,CN1CC2c3ccccc3Oc3ccc(Cl)cc3C2C1,-pine,<rdkit.Chem.rdchem.Mol object at 0x7f6ed60f8120>,<rdkit.DataStructs.cDataStructs.ExplicitBitVect object at 0x7f6ed59ed070>
3,OXCARBAZEPINE,0,NC(=O)N1c2ccccc2CC(=O)c2ccccc21,-pine,<rdkit.Chem.rdchem.Mol object at 0x7f6ed60f8190>,<rdkit.DataStructs.cDataStructs.ExplicitBitVect object at 0x7f6ed59ed0e0>
4,CLOZAPINE,0,CN1CCN(C2=Nc3cc(Cl)ccc3Nc3ccccc32)CC1,-pine,<rdkit.Chem.rdchem.Mol object at 0x7f6ed60f8200>,<rdkit.DataStructs.cDataStructs.ExplicitBitVect object at 0x7f6ed59ed150>
5,MIRTAZAPINE,0,CN1CCN2c3ncccc3Cc3ccccc3C2C1,-pine,<rdkit.Chem.rdchem.Mol object at 0x7f6ed60f8270>,<rdkit.DataStructs.cDataStructs.ExplicitBitVect object at 0x7f6ed59ed1c0>
6,LOXAPINE HYDROCHLORIDE,0,CN1CCN(C2=Nc3ccccc3Oc3ccc(Cl)cc32)CC1.Cl,-pine,<rdkit.Chem.rdchem.Mol object at 0x7f6ed60f82e0>,<rdkit.DataStructs.cDataStructs.ExplicitBitVect object at 0x7f6ed59ed230>
7,CLOTHIAPINE,0,CN1CCN(C2=Nc3ccccc3Sc3ccc(Cl)cc32)CC1,-pine,<rdkit.Chem.rdchem.Mol object at 0x7f6ed60f8350>,<rdkit.DataStructs.cDataStructs.ExplicitBitVect object at 0x7f6ed59ed2a0>
8,ESLICARBAZEPINE ACETATE,0,CC(=O)O[C@H]1Cc2ccccc2N(C(N)=O)c2ccccc21,-pine,<rdkit.Chem.rdchem.Mol object at 0x7f6ed60f83c0>,<rdkit.DataStructs.cDataStructs.ExplicitBitVect object at 0x7f6ed59ed310>
9,ESLICARBAZEPINE,0,NC(=O)N1c2ccccc2C[C@H](O)c2ccccc21,-pine,<rdkit.Chem.rdchem.Mol object at 0x7f6ed60f8430>,<rdkit.DataStructs.cDataStructs.ExplicitBitVect object at 0x7f6ed59ed380>
10,ZOTEPINE,0,CN(C)CCOC1=Cc2ccccc2Sc2ccc(Cl)cc21,-pine,<rdkit.Chem.rdchem.Mol object at 0x7f6ed60f84a0>,<rdkit.DataStructs.cDataStructs.ExplicitBitVect object at 0x7f6ed59ed3f0>
11,LOXAPINE SUCCINATE,0,CN1CCN(C2=Nc3ccccc3Oc3ccc(Cl)cc32)CC1.O=C(O)CCC(=O)O,-pine,<rdkit.Chem.rdchem.Mol object at 0x7f6ed60f8510>,<rdkit.DataStructs.cDataStructs.ExplicitBitVect object at 0x7f6ed59ed460>
12,PILOCARPINE NITRATE,0,CC[C@@H]1C(=O)OC[C@@H]1Cc1cncn1C.O=[N+]([O-])O,-pine,<rdkit.Chem.rdchem.Mol object at 0x7f6ed60f8580>,<rdkit.DataStructs.cDataStructs.ExplicitBitVect object at 0x7f6ed59ed4d0>
13,NOSCAPINE,0,COc1ccc2c(c1OC)C(=O)O[C@@H]2[C@H]1c2c(cc3c(c2OC)OCO3)CCN1C,-pine,<rdkit.Chem.rdchem.Mol object at 0x7f6ed60f85f0>,<rdkit.DataStructs.cDataStructs.ExplicitBitVect object at 0x7f6ed59ed540>
14,OLANZAPINE,0,Cc1cc2c(s1)Nc1ccccc1N=C2N1CCN(C)CC1,-pine,<rdkit.Chem.rdchem.Mol object at 0x7f6ed60f8660>,<rdkit.DataStructs.cDataStructs.ExplicitBitVect object at 0x7f6ed59ed5b0>
15,AMOXAPINE,0,Clc1ccc2c(c1)C(N1CCNCC1)=Nc1ccccc1O2,-pine,<rdkit.Chem.rdchem.Mol object at 0x7f6ed60f86d0>,<rdkit.DataStructs.cDataStructs.ExplicitBitVect object at 0x7f6ed59ed620>
16,OLANZAPINE PAMOATE,0,Cc1cc2c(s1)Nc1ccccc1N=C2N1CCN(C)CC1.O.O=C(O)c1cc2ccccc2c(Cc2c(O)c(C(=O)O)cc3ccccc23)c1O,-pine,<rdkit.Chem.rdchem.Mol object at 0x7f6ed60f8740>,<rdkit.DataStructs.cDataStructs.ExplicitBitVect object at 0x7f6ed59ed690>
17,LOXAPINE,0,CN1CCN(C2=Nc3ccccc3Oc3ccc(Cl)cc32)CC1,-pine,<rdkit.Chem.rdchem.Mol object at 0x7f6ed60f87b0>,<rdkit.DataStructs.cDataStructs.ExplicitBitVect object at 0x7f6ed59ed700>
18,PILOCARPINE,0,CC[C@@H]1C(=O)OC[C@@H]1Cc1cncn1C,-pine,<rdkit.Chem.rdchem.Mol object at 0x7f6ed60f8820>,<rdkit.DataStructs.cDataStructs.ExplicitBitVect object at 0x7f6ed59ed770>
19,ASENAPINE MALEATE,0,CN1CC2c3ccccc3Oc3ccc(Cl)cc3C2C1.O=C(O)/C=C\C(=O)O,-pine,<rdkit.Chem.rdchem.Mol object at 0x7f6ed60f8890>,<rdkit.DataStructs.cDataStructs.ExplicitBitVect object at 0x7f6ed59ed7e0>
20,PILOCARPINE HYDROCHLORIDE,0,CC[C@@H]1C(=O)OC[C@@H]1Cc1cncn1C.Cl,-pine,<rdkit.Chem.rdchem.Mol object at 0x7f6ed60f8900>,<rdkit.DataStructs.cDataStructs.ExplicitBitVect object at 0x7f6ed59ed850>
21,CARBAMAZEPINE,0,NC(=O)N1c2ccccc2C=Cc2ccccc21,-pine,<rdkit.Chem.rdchem.Mol object at 0x7f6ed60f8970>,<rdkit.DataStructs.cDataStructs.ExplicitBitVect object at 0x7f6ed59ed8c0>
0,SULFACARBAMIDE,0,NC(=O)NS(=O)(=O)c1ccc(N)cc1,sulfa-,<rdkit.Chem.rdchem.Mol object at 0x7f6ed60f89e0>,<rdkit.DataStructs.cDataStructs.ExplicitBitVect object at 0x7f6ed59ed930>
1,SULFAGUANIDINE,1,N=C(N)NS(=O)(=O)c1ccc(N)cc1,sulfa-,<rdkit.Chem.rdchem.Mol object at 0x7f6ed60f8a50>,<rdkit.DataStructs.cDataStructs.ExplicitBitVect object at 0x7f6ed59ed9a0>
2,SULFANILAMIDE,0,Nc1ccc(S(N)(=O)=O)cc1,sulfa-,<rdkit.Chem.rdchem.Mol object at 0x7f6ed60f8ac0>,<rdkit.DataStructs.cDataStructs.ExplicitBitVect object at 0x7f6ed59eda10>
3,SULFACETAMIDE SODIUM,0,CC(=O)[N-]S(=O)(=O)c1ccc(N)cc1.O.[Na+],sulfa-,<rdkit.Chem.rdchem.Mol object at 0x7f6ed60f8b30>,<rdkit.DataStructs.cDataStructs.ExplicitBitVect object at 0x7f6ed59eda80>
4,SULFADIMETHOXINE SODIUM,0,COc1cc([N-]S(=O)(=O)c2ccc(N)cc2)nc(OC)n1.[Na+],sulfa-,<rdkit.Chem.rdchem.Mol object at 0x7f6ed60f8ba0>,<rdkit.DataStructs.cDataStructs.ExplicitBitVect object at 0x7f6ed59edaf0>
5,"SULFADIAZINE, SILVER",0,Nc1ccc(S(=O)(=O)[N-]c2ncccn2)cc1.[Ag+],sulfa-,<rdkit.Chem.rdchem.Mol object at 0x7f6ed60f8c10>,<rdkit.DataStructs.cDataStructs.ExplicitBitVect object at 0x7f6ed59edb60>
6,SULFACETAMIDE,0,CC(=O)NS(=O)(=O)c1ccc(N)cc1,sulfa-,<rdkit.Chem.rdchem.Mol object at 0x7f6ed60f8c80>,<rdkit.DataStructs.cDataStructs.ExplicitBitVect object at 0x7f6ed59edbd0>
7,SULFAMETHOXAZOLE,0,Cc1cc(NS(=O)(=O)c2ccc(N)cc2)no1,sulfa-,<rdkit.Chem.rdchem.Mol object at 0x7f6ed60f8cf0>,<rdkit.DataStructs.cDataStructs.ExplicitBitVect object at 0x7f6ed59edc40>
8,SULFAMERAZINE,0,Cc1ccnc(NS(=O)(=O)c2ccc(N)cc2)n1,sulfa-,<rdkit.Chem.rdchem.Mol object at 0x7f6ed60f8d60>,<rdkit.DataStructs.cDataStructs.ExplicitBitVect object at 0x7f6ed59edcb0>
9,SULFADIAZINE SODIUM,0,Nc1ccc(S(=O)(=O)[N-]c2ncccn2)cc1.[Na+],sulfa-,<rdkit.Chem.rdchem.Mol object at 0x7f6ed60f8dd0>,<rdkit.DataStructs.cDataStructs.ExplicitBitVect object at 0x7f6ed59edd20>
10,SULFATHIAZOLE,0,Nc1ccc(S(=O)(=O)Nc2nccs2)cc1,sulfa-,<rdkit.Chem.rdchem.Mol object at 0x7f6ed60f8e40>,<rdkit.DataStructs.cDataStructs.ExplicitBitVect object at 0x7f6ed59edd90>
11,SULFAMETHAZINE,0,Cc1cc(C)nc(NS(=O)(=O)c2ccc(N)cc2)n1,sulfa-,<rdkit.Chem.rdchem.Mol object at 0x7f6ed60f8eb0>,<rdkit.DataStructs.cDataStructs.ExplicitBitVect object at 0x7f6ed59ede00>
12,SULFAPHENAZOLE,0,Nc1ccc(S(=O)(=O)Nc2ccnn2-c2ccccc2)cc1,sulfa-,<rdkit.Chem.rdchem.Mol object at 0x7f6ed60f8f20>,<rdkit.DataStructs.cDataStructs.ExplicitBitVect object at 0x7f6ed59ede70>
13,SULFADIMETHOXINE,0,COc1cc(NS(=O)(=O)c2ccc(N)cc2)nc(OC)n1,sulfa-,<rdkit.Chem.rdchem.Mol object at 0x7f6ed60f8f90>,<rdkit.DataStructs.cDataStructs.ExplicitBitVect object at 0x7f6ed59edee0>
14,SULFAMETHOXYPYRIDAZINE,0,COc1ccc(NS(=O)(=O)c2ccc(N)cc2)nn1,sulfa-,<rdkit.Chem.rdchem.Mol object at 0x7f6ed60f9000>,<rdkit.DataStructs.cDataStructs.ExplicitBitVect object at 0x7f6ed59edf50>
15,SULFACYTINE,0,CCn1ccc(NS(=O)(=O)c2ccc(N)cc2)nc1=O,sulfa-,<rdkit.Chem.rdchem.Mol object at 0x7f6ed60f9070>,<rdkit.DataStructs.cDataStructs.ExplicitBitVect object at 0x7f6ed59edfc0>
16,SULFADIAZINE,0,Nc1ccc(S(=O)(=O)Nc2ncccn2)cc1,sulfa-,<rdkit.Chem.rdchem.Mol object at 0x7f6ed60f90e0>,<rdkit.DataStructs.cDataStructs.ExplicitBitVect object at 0x7f6ed59ee030>
17,SULFABENZAMIDE,0,Nc1ccc(S(=O)(=O)NC(=O)c2ccccc2)cc1,sulfa-,<rdkit.Chem.rdchem.Mol object at 0x7f6ed60f9150>,<rdkit.DataStructs.cDataStructs.ExplicitBitVect object at 0x7f6ed59ee0a0>
18,SULFADOXINE,0,COc1ncnc(NS(=O)(=O)c2ccc(N)cc2)c1OC,sulfa-,<rdkit.Chem.rdchem.Mol object at 0x7f6ed60f91c0>,<rdkit.DataStructs.cDataStructs.ExplicitBitVect object at 0x7f6ed59ee110>
19,SULFAMETHIZOLE,0,Cc1nnc(NS(=O)(=O)c2ccc(N)cc2)s1,sulfa-,<rdkit.Chem.rdchem.Mol object at 0x7f6ed60f9230>,<rdkit.DataStructs.cDataStructs.ExplicitBitVect object at 0x7f6ed59ee180>
20,SULFALENE,0,COc1nccnc1NS(=O)(=O)c1ccc(N)cc1,sulfa-,<rdkit.Chem.rdchem.Mol object at 0x7f6ed60f92a0>,<rdkit.DataStructs.cDataStructs.ExplicitBitVect object at 0x7f6ed59ee1f0>
21,SULFAPYRIDINE,0,Nc1ccc(S(=O)(=O)Nc2ccccn2)cc1,sulfa-,<rdkit.Chem.rdchem.Mol object at 0x7f6ed60f9310>,<rdkit.DataStructs.cDataStructs.ExplicitBitVect object at 0x7f6ed59ee260>
22,SULFAMETER,0,COc1cnc(NS(=O)(=O)c2ccc(N)cc2)nc1,sulfa-,<rdkit.Chem.rdchem.Mol object at 0x7f6ed60f9380>,<rdkit.DataStructs.cDataStructs.ExplicitBitVect object at 0x7f6ed59ee2d0>
0,REPROTEROL HYDROCHLORIDE,0,Cl.Cn1c(=O)c2c(ncn2CCCNCC(O)c2cc(O)cc(O)c2)n(C)c1=O,-terol,<rdkit.Chem.rdchem.Mol object at 0x7f6ed60f93f0>,<rdkit.DataStructs.cDataStructs.ExplicitBitVect object at 0x7f6ed59ee340>
1,OLODATEROL,0,COc1ccc(CC(C)(C)NC[C@H](O)c2cc(O)cc3c2OCC(=O)N3)cc1,-terol,<rdkit.Chem.rdchem.Mol object at 0x7f6ed60f9460>,<rdkit.DataStructs.cDataStructs.ExplicitBitVect object at 0x7f6ed59ee3b0>
2,RIMITEROL HYDROBROMIDE,0,Br.Oc1ccc(C(O)C2CCCCN2)cc1O,-terol,<rdkit.Chem.rdchem.Mol object at 0x7f6ed60f94d0>,<rdkit.DataStructs.cDataStructs.ExplicitBitVect object at 0x7f6ed59ee420>
3,CLENBUTEROL HYDROCHLORIDE,0,CC(C)(C)NCC(O)c1cc(Cl)c(N)c(Cl)c1.Cl,-terol,<rdkit.Chem.rdchem.Mol object at 0x7f6ed60f9540>,<rdkit.DataStructs.cDataStructs.ExplicitBitVect object at 0x7f6ed59ee490>
4,TULOBUTEROL,0,CC(C)(C)NCC(O)c1ccccc1Cl,-terol,<rdkit.Chem.rdchem.Mol object at 0x7f6ed60f95b0>,<rdkit.DataStructs.cDataStructs.ExplicitBitVect object at 0x7f6ed59ee500>
5,XAMOTEROL FUMARATE,0,O=C(NCCNCC(O)COc1ccc(O)cc1)N1CCOCC1.O=C(NCCNCC(O)COc1ccc(O)cc1)N1CCOCC1.O=C(O)/C=C/C(=O)O,-terol,<rdkit.Chem.rdchem.Mol object at 0x7f6ed60f9620>,<rdkit.DataStructs.cDataStructs.ExplicitBitVect object at 0x7f6ed59ee570>
6,OLODATEROL HYDROCHLORIDE,0,COc1ccc(CC(C)(C)NC[C@H](O)c2cc(O)cc3c2OCC(=O)N3)cc1.Cl,-terol,<rdkit.Chem.rdchem.Mol object at 0x7f6ed60f9690>,<rdkit.DataStructs.cDataStructs.ExplicitBitVect object at 0x7f6ed59ee5e0>
7,CLENBUTEROL,0,CC(C)(C)NCC(O)c1cc(Cl)c(N)c(Cl)c1,-terol,<rdkit.Chem.rdchem.Mol object at 0x7f6ed60f9700>,<rdkit.DataStructs.cDataStructs.ExplicitBitVect object at 0x7f6ed59ee650>
8,BITOLTEROL MESYLATE,1,CS(=O)(=O)O.Cc1ccc(C(=O)Oc2ccc(C(O)CNC(C)(C)C)cc2OC(=O)c2ccc(C)cc2)cc1,-terol,<rdkit.Chem.rdchem.Mol object at 0x7f6ed60f9770>,<rdkit.DataStructs.cDataStructs.ExplicitBitVect object at 0x7f6ed59ee6c0>
9,RIMITEROL,0,Oc1ccc(C(O)C2CCCCN2)cc1O,-terol,<rdkit.Chem.rdchem.Mol object at 0x7f6ed60f97e0>,<rdkit.DataStructs.cDataStructs.ExplicitBitVect object at 0x7f6ed59ee730>
10,FENOTEROL,0,CC(Cc1ccc(O)cc1)NCC(O)c1cc(O)cc(O)c1,-terol,<rdkit.Chem.rdchem.Mol object at 0x7f6ed60f9850>,<rdkit.DataStructs.cDataStructs.ExplicitBitVect object at 0x7f6ed59ee7a0>
11,XAMOTEROL,0,O=C(NCCNCC(O)COc1ccc(O)cc1)N1CCOCC1,-terol,<rdkit.Chem.rdchem.Mol object at 0x7f6ed60f98c0>,<rdkit.DataStructs.cDataStructs.ExplicitBitVect object at 0x7f6ed59ee810>
12,BITOLTEROL,1,Cc1ccc(C(=O)Oc2ccc(C(O)CNC(C)(C)C)cc2OC(=O)c2ccc(C)cc2)cc1,-terol,<rdkit.Chem.rdchem.Mol object at 0x7f6ed60f9930>,<rdkit.DataStructs.cDataStructs.ExplicitBitVect object at 0x7f6ed59ee880>
13,INDACATEROL MALEATE,0,CCc1cc2c(cc1CC)CC(NC[C@H](O)c1ccc(O)c3[nH]c(=O)ccc13)C2.O=C(O)/C=C\C(=O)O,-terol,<rdkit.Chem.rdchem.Mol object at 0x7f6ed60f99a0>,<rdkit.DataStructs.cDataStructs.ExplicitBitVect object at 0x7f6ed59ee8f0>
14,INDACATEROL,0,CCc1cc2c(cc1CC)CC(NC[C@H](O)c1ccc(O)c3[nH]c(=O)ccc13)C2,-terol,<rdkit.Chem.rdchem.Mol object at 0x7f6ed60f9a10>,<rdkit.DataStructs.cDataStructs.ExplicitBitVect object at 0x7f6ed59ee960>
15,ALBUTEROL,0,CC(C)(C)NCC(O)c1ccc(O)c(CO)c1,-terol,<rdkit.Chem.rdchem.Mol object at 0x7f6ed60f9a80>,<rdkit.DataStructs.cDataStructs.ExplicitBitVect object at 0x7f6ed59ee9d0>
16,REPROTEROL,0,Cn1c(=O)c2c(ncn2CCCNCC(O)c2cc(O)cc(O)c2)n(C)c1=O,-terol,<rdkit.Chem.rdchem.Mol object at 0x7f6ed60f9af0>,<rdkit.DataStructs.cDataStructs.ExplicitBitVect object at 0x7f6ed59eea40>
17,LEVALBUTEROL HYDROCHLORIDE,0,CC(C)(C)NC[C@H](O)c1ccc(O)c(CO)c1.Cl,-terol,<rdkit.Chem.rdchem.Mol object at 0x7f6ed60f9b60>,<rdkit.DataStructs.cDataStructs.ExplicitBitVect object at 0x7f6ed59eeab0>
18,VILANTEROL,0,OCc1cc([C@@H](O)CNCCCCCCOCCOCc2c(Cl)cccc2Cl)ccc1O,-terol,<rdkit.Chem.rdchem.Mol object at 0x7f6ed60f9bd0>,<rdkit.DataStructs.cDataStructs.ExplicitBitVect object at 0x7f6ed59eeb20>
19,PIRBUTEROL,0,CC(C)(C)NCC(O)c1ccc(O)c(CO)n1,-terol,<rdkit.Chem.rdchem.Mol object at 0x7f6ed60f9c40>,<rdkit.DataStructs.cDataStructs.ExplicitBitVect object at 0x7f6ed59eeb90>
20,LEVALBUTEROL TARTRATE,0,CC(C)(C)NC[C@H](O)c1ccc(O)c(CO)c1.CC(C)(C)NC[C@H](O)c1ccc(O)c(CO)c1.O=C(O)C(O)C(O)C(=O)O,-terol,<rdkit.Chem.rdchem.Mol object at 0x7f6ed60f9cb0>,<rdkit.DataStructs.cDataStructs.ExplicitBitVect object at 0x7f6ed59eec00>
21,ARFORMOTEROL TARTRATE,0,COc1ccc(C[C@@H](C)NC[C@H](O)c2ccc(O)c(NC=O)c2)cc1.O=C(O)C(O)C(O)C(=O)O,-terol,<rdkit.Chem.rdchem.Mol object at 0x7f6ed60f9d20>,<rdkit.DataStructs.cDataStructs.ExplicitBitVect object at 0x7f6ed59eec70>
22,FORMOTEROL,0,COc1ccc(CC(C)NCC(O)c2ccc(O)c(NC=O)c2)cc1,-terol,<rdkit.Chem.rdchem.Mol object at 0x7f6ed60f9d90>,<rdkit.DataStructs.cDataStructs.ExplicitBitVect object at 0x7f6ed59eece0>
23,ALBUTEROL SULFATE,0,CC(C)(C)NCC(O)c1ccc(O)c(CO)c1.CC(C)(C)NCC(O)c1ccc(O)c(CO)c1.O=S(=O)(O)O,-terol,<rdkit.Chem.rdchem.Mol object at 0x7f6ed60f9e00>,<rdkit.DataStructs.cDataStructs.ExplicitBitVect object at 0x7f6ed59eed50>
24,PIRBUTEROL ACETATE,0,CC(=O)O.CC(C)(C)NCC(O)c1ccc(O)c(CO)n1,-terol,<rdkit.Chem.rdchem.Mol object at 0x7f6ed60f9e70>,<rdkit.DataStructs.cDataStructs.ExplicitBitVect object at 0x7f6ed59eedc0>
25,FORMOTEROL FUMARATE,0,COc1ccc(CC(C)NCC(O)c2ccc(O)c(NC=O)c2)cc1.COc1ccc(CC(C)NCC(O)c2ccc(O)c(NC=O)c2)cc1.O.O.O=C(O)/C=C/C(=O)O,-terol,<rdkit.Chem.rdchem.Mol object at 0x7f6ed60f9ee0>,<rdkit.DataStructs.cDataStructs.ExplicitBitVect object at 0x7f6ed59eee30>
26,PIRBUTEROL HYDROCHLORIDE,0,CC(C)(C)NCC(O)c1ccc(O)c(CO)n1.Cl.Cl,-terol,<rdkit.Chem.rdchem.Mol object at 0x7f6ed60f9f50>,<rdkit.DataStructs.cDataStructs.ExplicitBitVect object at 0x7f6ed59eeea0>
27,ARFORMOTEROL,0,COc1ccc(C[C@@H](C)NC[C@H](O)c2ccc(O)c(NC=O)c2)cc1,-terol,<rdkit.Chem.rdchem.Mol object at 0x7f6ed60f9fc0>,<rdkit.DataStructs.cDataStructs.ExplicitBitVect object at 0x7f6ed59eef10>
28,VILANTEROL TRIFENATATE,0,O=C(O)C(c1ccccc1)(c1ccccc1)c1ccccc1.OCc1cc([C@@H](O)CNCCCCCCOCCOCc2c(Cl)cccc2Cl)ccc1O,-terol,<rdkit.Chem.rdchem.Mol object at 0x7f6ed60fa030>,<rdkit.DataStructs.cDataStructs.ExplicitBitVect object at 0x7f6ed59eef80>
0,GEFITINIB,0,COc1cc2ncnc(Nc3ccc(F)c(Cl)c3)c2cc1OCCCN1CCOCC1,-tinib,<rdkit.Chem.rdchem.Mol object at 0x7f6ed60fa0a0>,<rdkit.DataStructs.cDataStructs.ExplicitBitVect object at 0x7f6ed59eeff0>
1,MASITINIB,1,Cc1ccc(NC(=O)c2ccc(CN3CCN(C)CC3)cc2)cc1Nc1nc(-c2cccnc2)cs1,-tinib,<rdkit.Chem.rdchem.Mol object at 0x7f6ed60fa110>,<rdkit.DataStructs.cDataStructs.ExplicitBitVect object at 0x7f6ed59ef060>
2,DACOMITINIB,1,COc1cc2ncnc(Nc3ccc(F)c(Cl)c3)c2cc1NC(=O)/C=C/CN1CCCCC1.O,-tinib,<rdkit.Chem.rdchem.Mol object at 0x7f6ed60fa180>,<rdkit.DataStructs.cDataStructs.ExplicitBitVect object at 0x7f6ed59ef0d0>
3,ACALABRUTINIB MALEATE,0,CC#CC(=O)N1CCC[C@H]1c1nc(-c2ccc(C(=O)Nc3ccccn3)cc2)c2c(N)nccn12.O=C(O)/C=C\C(=O)O,-tinib,<rdkit.Chem.rdchem.Mol object at 0x7f6ed60fa1f0>,<rdkit.DataStructs.cDataStructs.ExplicitBitVect object at 0x7f6ed59ef140>
4,IMATINIB,0,Cc1ccc(NC(=O)c2ccc(CN3CCN(C)CC3)cc2)cc1Nc1nccc(-c2cccnc2)n1,-tinib,<rdkit.Chem.rdchem.Mol object at 0x7f6ed60fa260>,<rdkit.DataStructs.cDataStructs.ExplicitBitVect object at 0x7f6ed59ef1b0>
5,PACRITINIB,0,C1=N/C2=N/c3ccc(OCCN4CCCC4)c(c3)COC/C=C/COCc3cccc(c3)C(=C1)N2,-tinib,<rdkit.Chem.rdchem.Mol object at 0x7f6ed60fa2d0>,<rdkit.DataStructs.cDataStructs.ExplicitBitVect object at 0x7f6ed59ef220>
6,IBRUTINIB,0,C=CC(=O)N1CCC[C@@H](n2nc(-c3ccc(Oc4ccccc4)cc3)c3c(N)ncnc32)C1,-tinib,<rdkit.Chem.rdchem.Mol object at 0x7f6ed60fa340>,<rdkit.DataStructs.cDataStructs.ExplicitBitVect object at 0x7f6ed59ef290>
7,SELPERCATINIB,1,COc1ccc(CN2C3CC2CN(c2ccc(-c4cc(OCC(C)(C)O)cn5ncc(C#N)c45)cn2)C3)cn1,-tinib,<rdkit.Chem.rdchem.Mol object at 0x7f6ed60fa3b0>,<rdkit.DataStructs.cDataStructs.ExplicitBitVect object at 0x7f6ed59ef300>
8,LAROTRECTINIB SULFATE,0,O=C(Nc1cnn2ccc(N3CCC[C@@H]3c3cc(F)ccc3F)nc12)N1CC[C@H](O)C1.O=S(=O)(O)O,-tinib,<rdkit.Chem.rdchem.Mol object at 0x7f6ed60fa420>,<rdkit.DataStructs.cDataStructs.ExplicitBitVect object at 0x7f6ed59ef370>
9,COBIMETINIB,1,O=C(c1ccc(F)c(F)c1Nc1ccc(I)cc1F)N1CC(O)([C@@H]2CCCCN2)C1,-tinib,<rdkit.Chem.rdchem.Mol object at 0x7f6ed60fa490>,<rdkit.DataStructs.cDataStructs.ExplicitBitVect object at 0x7f6ed59ef3e0>
10,FEDRATINIB,1,Cc1cnc(Nc2ccc(OCCN3CCCC3)cc2)nc1Nc1cccc(S(=O)(=O)NC(C)(C)C)c1,-tinib,<rdkit.Chem.rdchem.Mol object at 0x7f6ed60fa500>,<rdkit.DataStructs.cDataStructs.ExplicitBitVect object at 0x7f6ed59ef450>
11,ERLOTINIB,0,C#Cc1cccc(Nc2ncnc3cc(OCCOC)c(OCCOC)cc23)c1,-tinib,<rdkit.Chem.rdchem.Mol object at 0x7f6ed60fa570>,<rdkit.DataStructs.cDataStructs.ExplicitBitVect object at 0x7f6ed59ef4c0>
12,PEXIDARTINIB HYDROCHLORIDE,1,Cl.FC(F)(F)c1ccc(CNc2ccc(Cc3c[nH]c4ncc(Cl)cc34)cn2)cn1,-tinib,<rdkit.Chem.rdchem.Mol object at 0x7f6ed60fa5e0>,<rdkit.DataStructs.cDataStructs.ExplicitBitVect object at 0x7f6ed59ef530>
13,RUXOLITINIB,0,N#CC[C@H](C1CCCC1)n1cc(-c2ncnc3[nH]ccc23)cn1,-tinib,<rdkit.Chem.rdchem.Mol object at 0x7f6ed60fa650>,<rdkit.DataStructs.cDataStructs.ExplicitBitVect object at 0x7f6ed59ef5a0>
14,PEMIGATINIB,0,CCN1C(=O)N(c2c(F)c(OC)cc(OC)c2F)Cc2cnc3[nH]c(CN4CCOCC4)cc3c21,-tinib,<rdkit.Chem.rdchem.Mol object at 0x7f6ed60fa6c0>,<rdkit.DataStructs.cDataStructs.ExplicitBitVect object at 0x7f6ed59ef610>
15,CAPMATINIB HYDROCHLORIDE,0,CNC(=O)c1ccc(-c2cnc3ncc(Cc4ccc5ncccc5c4)n3n2)cc1F.Cl.Cl.O,-tinib,<rdkit.Chem.rdchem.Mol object at 0x7f6ed60fa730>,<rdkit.DataStructs.cDataStructs.ExplicitBitVect object at 0x7f6ed59ef680>
16,PONATINIB HYDROCHLORIDE,1,Cc1ccc(C(=O)Nc2ccc(CN3CCN(C)CC3)c(C(F)(F)F)c2)cc1C#Cc1cnc2cccnn12.Cl,-tinib,<rdkit.Chem.rdchem.Mol object at 0x7f6ed60fa7a0>,<rdkit.DataStructs.cDataStructs.ExplicitBitVect object at 0x7f6ed59ef6f0>
17,LORLATINIB,0,C[C@H]1Oc2cc(cnc2N)-c2c(nn(C)c2C#N)CN(C)C(=O)c2ccc(F)cc21,-tinib,<rdkit.Chem.rdchem.Mol object at 0x7f6ed60fa810>,<rdkit.DataStructs.cDataStructs.ExplicitBitVect object at 0x7f6ed59ef760>
18,DACOMITINIB,1,COc1cc2ncnc(Nc3ccc(F)c(Cl)c3)c2cc1NC(=O)/C=C/CN1CCCCC1,-tinib,<rdkit.Chem.rdchem.Mol object at 0x7f6ed60fa880>,<rdkit.DataStructs.cDataStructs.ExplicitBitVect object at 0x7f6ed59ef7d0>
19,CAPMATINIB,0,CNC(=O)c1ccc(-c2cnc3ncc(Cc4ccc5ncccc5c4)n3n2)cc1F,-tinib,<rdkit.Chem.rdchem.Mol object at 0x7f6ed60fa8f0>,<rdkit.DataStructs.cDataStructs.ExplicitBitVect object at 0x7f6ed59ef840>
20,PONATINIB,1,Cc1ccc(C(=O)Nc2ccc(CN3CCN(C)CC3)c(C(F)(F)F)c2)cc1C#Cc1cnc2cccnn12,-tinib,<rdkit.Chem.rdchem.Mol object at 0x7f6ed60fa960>,<rdkit.DataStructs.cDataStructs.ExplicitBitVect object at 0x7f6ed59ef8b0>
21,BARICITINIB,0,CCS(=O)(=O)N1CC(CC#N)(n2cc(-c3ncnc4[nH]ccc34)cn2)C1,-tinib,<rdkit.Chem.rdchem.Mol object at 0x7f6ed60fa9d0>,<rdkit.DataStructs.cDataStructs.ExplicitBitVect object at 0x7f6ed59ef920>
22,UPADACITINIB,0,CC[C@@H]1CN(C(=O)NCC(F)(F)F)C[C@@H]1c1cnc2cnc3[nH]ccc3n12,-tinib,<rdkit.Chem.rdchem.Mol object at 0x7f6ed60faa40>,<rdkit.DataStructs.cDataStructs.ExplicitBitVect object at 0x7f6ed59ef990>
23,SELUMETINIB SULFATE,0,Cn1cnc2c(F)c(Nc3ccc(Br)cc3Cl)c(C(=O)NOCCO)cc21.O=S(=O)(O)O,-tinib,<rdkit.Chem.rdchem.Mol object at 0x7f6ed60faab0>,<rdkit.DataStructs.cDataStructs.ExplicitBitVect object at 0x7f6ed59efa00>
24,AFATINIB,0,CN(C)C/C=C/C(=O)Nc1cc2c(Nc3ccc(F)c(Cl)c3)ncnc2cc1O[C@H]1CCOC1,-tinib,<rdkit.Chem.rdchem.Mol object at 0x7f6ed60fab20>,<rdkit.DataStructs.cDataStructs.ExplicitBitVect object at 0x7f6ed59efa70>
25,IMATINIB MESYLATE,0,CS(=O)(=O)O.Cc1ccc(NC(=O)c2ccc(CN3CCN(C)CC3)cc2)cc1Nc1nccc(-c2cccnc2)n1,-tinib,<rdkit.Chem.rdchem.Mol object at 0x7f6ed60fab90>,<rdkit.DataStructs.cDataStructs.ExplicitBitVect object at 0x7f6ed59efae0>
26,FEDRATINIB HYDROCHLORIDE,1,Cc1cnc(Nc2ccc(OCCN3CCCC3)cc2)nc1Nc1cccc(S(=O)(=O)NC(C)(C)C)c1.Cl.Cl.O,-tinib,<rdkit.Chem.rdchem.Mol object at 0x7f6ed60fac00>,<rdkit.DataStructs.cDataStructs.ExplicitBitVect object at 0x7f6ed59efb50>
27,ERLOTINIB HYDROCHLORIDE,0,C#Cc1cccc(Nc2ncnc3cc(OCCOC)c(OCCOC)cc23)c1.Cl,-tinib,<rdkit.Chem.rdchem.Mol object at 0x7f6ed60fac70>,<rdkit.DataStructs.cDataStructs.ExplicitBitVect object at 0x7f6ed59efbc0>
28,CRIZOTINIB,1,C[C@@H](Oc1cc(-c2cnn(C3CCNCC3)c2)cnc1N)c1c(Cl)ccc(F)c1Cl,-tinib,<rdkit.Chem.rdchem.Mol object at 0x7f6ed60face0>,<rdkit.DataStructs.cDataStructs.ExplicitBitVect object at 0x7f6ed59efc30>
29,TOFACITINIB CITRATE,0,C[C@@H]1CCN(C(=O)CC#N)C[C@@H]1N(C)c1ncnc2[nH]ccc12.O=C(O)CC(O)(CC(=O)O)C(=O)O,-tinib,<rdkit.Chem.rdchem.Mol object at 0x7f6ed60fad50>,<rdkit.DataStructs.cDataStructs.ExplicitBitVect object at 0x7f6ed59efca0>
30,ABROCITINIB,0,CCCS(=O)(=O)N[C@H]1C[C@@H](N(C)c2ncnc3[nH]ccc23)C1,-tinib,<rdkit.Chem.rdchem.Mol object at 0x7f6ed60fadc0>,<rdkit.DataStructs.cDataStructs.ExplicitBitVect object at 0x7f6ed59efd10>
31,LAROTRECTINIB,0,O=C(Nc1cnn2ccc(N3CCC[C@@H]3c3cc(F)ccc3F)nc12)N1CC[C@H](O)C1,-tinib,<rdkit.Chem.rdchem.Mol object at 0x7f6ed60fae30>,<rdkit.DataStructs.cDataStructs.ExplicitBitVect object at 0x7f6ed59efd80>
32,BINIMETINIB,0,Cn1cnc2c(F)c(Nc3ccc(Br)cc3F)c(C(=O)NOCCO)cc21,-tinib,<rdkit.Chem.rdchem.Mol object at 0x7f6ed60faea0>,<rdkit.DataStructs.cDataStructs.ExplicitBitVect object at 0x7f6ed59efdf0>
33,PACRITINIB CITRATE,0,C1=C/COCc2cc(ccc2OCCN2CCCC2)Nc2nccc(n2)-c2cccc(c2)COC/1.O=C(O)CC(O)(CC(=O)O)C(=O)O,-tinib,<rdkit.Chem.rdchem.Mol object at 0x7f6ed60faf10>,<rdkit.DataStructs.cDataStructs.ExplicitBitVect object at 0x7f6ed59efe60>
34,ZANUBRUTINIB,0,C=CC(=O)N1CCC([C@@H]2CCNc3c(C(N)=O)c(-c4ccc(Oc5ccccc5)cc4)nn32)CC1,-tinib,<rdkit.Chem.rdchem.Mol object at 0x7f6ed60faf80>,<rdkit.DataStructs.cDataStructs.ExplicitBitVect object at 0x7f6ed59efed0>
35,FUTIBATINIB,0,C=CC(=O)N1CC[C@H](n2nc(C#Cc3cc(OC)cc(OC)c3)c3c(N)ncnc32)C1,-tinib,<rdkit.Chem.rdchem.Mol object at 0x7f6ed60faff0>,<rdkit.DataStructs.cDataStructs.ExplicitBitVect object at 0x7f6ed59eff40>
36,SELUMETINIB,0,Cn1cnc2c(F)c(Nc3ccc(Br)cc3Cl)c(C(=O)NOCCO)cc21,-tinib,<rdkit.Chem.rdchem.Mol object at 0x7f6ed60fb060>,<rdkit.DataStructs.cDataStructs.ExplicitBitVect object at 0x7f6ed59f0040>
37,TEPOTINIB,0,CN1CCC(COc2cnc(-c3cccc(Cn4nc(-c5cccc(C#N)c5)ccc4=O)c3)nc2)CC1,-tinib,<rdkit.Chem.rdchem.Mol object at 0x7f6ed60fb0d0>,<rdkit.DataStructs.cDataStructs.ExplicitBitVect object at 0x7f6ed59f00b0>
38,AFATINIB DIMALEATE,0,CN(C)C/C=C/C(=O)Nc1cc2c(Nc3ccc(F)c(Cl)c3)ncnc2cc1O[C@H]1CCOC1.O=C(O)/C=C\C(=O)O.O=C(O)/C=C\C(=O)O,-tinib,<rdkit.Chem.rdchem.Mol object at 0x7f6ed60fb140>,<rdkit.DataStructs.cDataStructs.ExplicitBitVect object at 0x7f6ed59f0120>
39,FILGOTINIB,0,O=C(Nc1nc2cccc(-c3ccc(CN4CCS(=O)(=O)CC4)cc3)n2n1)C1CC1,-tinib,<rdkit.Chem.rdchem.Mol object at 0x7f6ed60fb1b0>,<rdkit.DataStructs.cDataStructs.ExplicitBitVect object at 0x7f6ed59f0190>
40,ALECTINIB,0,CCc1cc2c(cc1N1CCC(N3CCOCC3)CC1)C(C)(C)c1[nH]c3cc(C#N)ccc3c1C2=O,-tinib,<rdkit.Chem.rdchem.Mol object at 0x7f6ed60fb220>,<rdkit.DataStructs.cDataStructs.ExplicitBitVect object at 0x7f6ed59f0200>
41,LENVATINIB MESYLATE,0,COc1cc2nccc(Oc3ccc(NC(=O)NC4CC4)c(Cl)c3)c2cc1C(N)=O.CS(=O)(=O)O,-tinib,<rdkit.Chem.rdchem.Mol object at 0x7f6ed60fb290>,<rdkit.DataStructs.cDataStructs.ExplicitBitVect object at 0x7f6ed59f0270>
42,TEPOTINIB HYDROCHLORIDE,0,CN1CCC(COc2cnc(-c3cccc(Cn4nc(-c5cccc(C#N)c5)ccc4=O)c3)nc2)CC1.Cl.O,-tinib,<rdkit.Chem.rdchem.Mol object at 0x7f6ed60fb300>,<rdkit.DataStructs.cDataStructs.ExplicitBitVect object at 0x7f6ed59f02e0>
43,COBIMETINIB FUMARATE,1,O=C(O)/C=C/C(=O)O.O=C(c1ccc(F)c(F)c1Nc1ccc(I)cc1F)N1CC(O)([C@@H]2CCCCN2)C1.O=C(c1ccc(F)c(F)c1Nc1ccc(I)cc1F)N1CC(O)([C@@H]2CCCCN2)C1,-tinib,<rdkit.Chem.rdchem.Mol object at 0x7f6ed60fb370>,<rdkit.DataStructs.cDataStructs.ExplicitBitVect object at 0x7f6ed59f0350>
44,TUCATINIB,1,Cc1cc(Nc2ncnc3ccc(NC4=NC(C)(C)CO4)cc23)ccc1Oc1ccn2ncnc2c1,-tinib,<rdkit.Chem.rdchem.Mol object at 0x7f6ed60fb3e0>,<rdkit.DataStructs.cDataStructs.ExplicitBitVect object at 0x7f6ed59f03c0>
45,AXITINIB,0,CNC(=O)c1ccccc1Sc1ccc2c(/C=C/c3ccccn3)n[nH]c2c1,-tinib,<rdkit.Chem.rdchem.Mol object at 0x7f6ed60fb450>,<rdkit.DataStructs.cDataStructs.ExplicitBitVect object at 0x7f6ed59f0430>
46,DASATINIB,0,Cc1nc(Nc2ncc(C(=O)Nc3c(C)cccc3Cl)s2)cc(N2CCN(CCO)CC2)n1,-tinib,<rdkit.Chem.rdchem.Mol object at 0x7f6ed60fb4c0>,<rdkit.DataStructs.cDataStructs.ExplicitBitVect object at 0x7f6ed59f04a0>
47,PEXIDARTINIB,1,FC(F)(F)c1ccc(CNc2ccc(Cc3c[nH]c4ncc(Cl)cc34)cn2)cn1,-tinib,<rdkit.Chem.rdchem.Mol object at 0x7f6ed60fb530>,<rdkit.DataStructs.cDataStructs.ExplicitBitVect object at 0x7f6ed59f0510>
48,ACALABRUTINIB,0,CC#CC(=O)N1CCC[C@H]1c1nc(-c2ccc(C(=O)Nc3ccccn3)cc2)c2c(N)nccn12,-tinib,<rdkit.Chem.rdchem.Mol object at 0x7f6ed60fb5a0>,<rdkit.DataStructs.cDataStructs.ExplicitBitVect object at 0x7f6ed60f27a0>
49,OSIMERTINIB MESYLATE,0,C=CC(=O)Nc1cc(Nc2nccc(-c3cn(C)c4ccccc34)n2)c(OC)cc1N(C)CCN(C)C.CS(=O)(=O)O,-tinib,<rdkit.Chem.rdchem.Mol object at 0x7f6ed60fb610>,<rdkit.DataStructs.cDataStructs.ExplicitBitVect object at 0x7f6ed59f0580>
50,OSIMERTINIB,0,C=CC(=O)Nc1cc(Nc2nccc(-c3cn(C)c4ccccc34)n2)c(OC)cc1N(C)CCN(C)C,-tinib,<rdkit.Chem.rdchem.Mol object at 0x7f6ed60fb680>,<rdkit.DataStructs.cDataStructs.ExplicitBitVect object at 0x7f6ed59f05f0>
51,TOFACITINIB,0,C[C@@H]1CCN(C(=O)CC#N)C[C@@H]1N(C)c1ncnc2[nH]ccc12,-tinib,<rdkit.Chem.rdchem.Mol object at 0x7f6ed60fb6f0>,<rdkit.DataStructs.cDataStructs.ExplicitBitVect object at 0x7f6ed59f0660>
52,TRAMETINIB,1,CC(=O)Nc1cccc(-n2c(=O)n(C3CC3)c(=O)c3c(Nc4ccc(I)cc4F)n(C)c(=O)c(C)c32)c1,-tinib,<rdkit.Chem.rdchem.Mol object at 0x7f6ed60fb760>,<rdkit.DataStructs.cDataStructs.ExplicitBitVect object at 0x7f6ed59f06d0>
53,ALECTINIB HYDROCHLORIDE,0,CCc1cc2c(cc1N1CCC(N3CCOCC3)CC1)C(C)(C)c1[nH]c3cc(C#N)ccc3c1C2=O.Cl,-tinib,<rdkit.Chem.rdchem.Mol object at 0x7f6ed60fb7d0>,<rdkit.DataStructs.cDataStructs.ExplicitBitVect object at 0x7f6ed59f0740>
54,ERDAFITINIB,0,COc1cc(OC)cc(N(CCNC(C)C)c2ccc3ncc(-c4cnn(C)c4)nc3c2)c1,-tinib,<rdkit.Chem.rdchem.Mol object at 0x7f6ed60fb840>,<rdkit.DataStructs.cDataStructs.ExplicitBitVect object at 0x7f6ed59f07b0>
55,AVAPRITINIB,0,Cn1cc(-c2cc3c(N4CCN(c5ncc([C@@](C)(N)c6ccc(F)cc6)cn5)CC4)ncnn3c2)cn1,-tinib,<rdkit.Chem.rdchem.Mol object at 0x7f6ed60fb8b0>,<rdkit.DataStructs.cDataStructs.ExplicitBitVect object at 0x7f6ed59f0820>
56,SUNITINIB,0,CCN(CC)CCNC(=O)c1c(C)[nH]c(/C=C2\C(=O)Nc3ccc(F)cc32)c1C,-tinib,<rdkit.Chem.rdchem.Mol object at 0x7f6ed60fb920>,<rdkit.DataStructs.cDataStructs.ExplicitBitVect object at 0x7f6ed59f0890>
57,SUNITINIB MALATE,0,CCN(CC)CCNC(=O)c1c(C)[nH]c(/C=C2\C(=O)Nc3ccc(F)cc32)c1C.O=C(O)C[C@H](O)C(=O)O,-tinib,<rdkit.Chem.rdchem.Mol object at 0x7f6ed60fb990>,<rdkit.DataStructs.cDataStructs.ExplicitBitVect object at 0x7f6ed59f0900>
58,RUXOLITINIB PHOSPHATE,0,N#CC[C@H](C1CCCC1)n1cc(-c2ncnc3[nH]ccc23)cn1.O=P(O)(O)O,-tinib,<rdkit.Chem.rdchem.Mol object at 0x7f6ed60fba00>,<rdkit.DataStructs.cDataStructs.ExplicitBitVect object at 0x7f6ed59f0970>
59,LENVATINIB,0,COc1cc2nccc(Oc3ccc(NC(=O)NC4CC4)c(Cl)c3)c2cc1C(N)=O,-tinib,<rdkit.Chem.rdchem.Mol object at 0x7f6ed60fba70>,<rdkit.DataStructs.cDataStructs.ExplicitBitVect object at 0x7f6ed59f09e0>
0,DARUNAVIR ETHANOLATE,1,CC(C)CN(C[C@@H](O)[C@H](Cc1ccccc1)NC(=O)O[C@H]1CO[C@H]2OCC[C@H]21)S(=O)(=O)c1ccc(N)cc1.CCO,-vir,<rdkit.Chem.rdchem.Mol object at 0x7f6ed60fbae0>,<rdkit.DataStructs.cDataStructs.ExplicitBitVect object at 0x7f6ed59f0a50>
1,DASABUVIR,0,COc1c(-c2ccc3cc(NS(C)(=O)=O)ccc3c2)cc(-n2ccc(=O)[nH]c2=O)cc1C(C)(C)C,-vir,<rdkit.Chem.rdchem.Mol object at 0x7f6ed60fbb50>,<rdkit.DataStructs.cDataStructs.ExplicitBitVect object at 0x7f6ed59f0ac0>
2,BICTEGRAVIR SODIUM,0,O=C(NCc1c(F)cc(F)cc1F)c1cn2c(c([O-])c1=O)C(=O)N1[C@H]3CC[C@H](C3)O[C@@H]1C2.[Na+],-vir,<rdkit.Chem.rdchem.Mol object at 0x7f6ed60fbbc0>,<rdkit.DataStructs.cDataStructs.ExplicitBitVect object at 0x7f6ed59f0b30>
3,AMPRENAVIR,1,CC(C)CN(C[C@@H](O)[C@H](Cc1ccccc1)NC(=O)O[C@H]1CCOC1)S(=O)(=O)c1ccc(N)cc1,-vir,<rdkit.Chem.rdchem.Mol object at 0x7f6ed60fbc30>,<rdkit.DataStructs.cDataStructs.ExplicitBitVect object at 0x7f6ed59f0ba0>
4,PERAMIVIR,1,CCC(CC)[C@H](NC(C)=O)[C@@H]1[C@H](O)[C@@H](C(=O)O)C[C@H]1NC(=N)N,-vir,<rdkit.Chem.rdchem.Mol object at 0x7f6ed60fbca0>,<rdkit.DataStructs.cDataStructs.ExplicitBitVect object at 0x7f6ed59f0c10>
5,DOLUTEGRAVIR,0,C[C@@H]1CCO[C@H]2Cn3cc(C(=O)NCc4ccc(F)cc4F)c(=O)c(O)c3C(=O)N12,-vir,<rdkit.Chem.rdchem.Mol object at 0x7f6ed60fbd10>,<rdkit.DataStructs.cDataStructs.ExplicitBitVect object at 0x7f6ed59f0c80>
6,PENCICLOVIR,0,Nc1nc(O)c2ncn(CCC(CO)CO)c2n1,-vir,<rdkit.Chem.rdchem.Mol object at 0x7f6ed60fbd80>,<rdkit.DataStructs.cDataStructs.ExplicitBitVect object at 0x7f6ed59f0cf0>
7,ELVITEGRAVIR,0,COc1cc2c(cc1Cc1cccc(Cl)c1F)c(=O)c(C(=O)O)cn2[C@H](CO)C(C)C,-vir,<rdkit.Chem.rdchem.Mol object at 0x7f6ed60fbdf0>,<rdkit.DataStructs.cDataStructs.ExplicitBitVect object at 0x7f6ed59f0d60>
8,BALOXAVIR MARBOXIL,1,COC(=O)OCOc1c2n(ccc1=O)N([C@@H]1c3ccccc3SCc3c1ccc(F)c3F)[C@@H]1COCCN1C2=O,-vir,<rdkit.Chem.rdchem.Mol object at 0x7f6ed60fbe60>,<rdkit.DataStructs.cDataStructs.ExplicitBitVect object at 0x7f6ed59f0dd0>
9,DASABUVIR SODIUM,0,COc1c(-c2ccc3cc(NS(C)(=O)=O)ccc3c2)cc(-n2ccc(=O)[n-]c2=O)cc1C(C)(C)C.O.[Na+],-vir,<rdkit.Chem.rdchem.Mol object at 0x7f6ed60fbed0>,<rdkit.DataStructs.cDataStructs.ExplicitBitVect object at 0x7f6ed59f0e40>
10,DARUNAVIR,1,CC(C)CN(C[C@@H](O)[C@H](Cc1ccccc1)NC(=O)O[C@H]1CO[C@H]2OCC[C@H]21)S(=O)(=O)c1ccc(N)cc1,-vir,<rdkit.Chem.rdchem.Mol object at 0x7f6ed60fbf40>,<rdkit.DataStructs.cDataStructs.ExplicitBitVect object at 0x7f6ed59f0eb0>
11,BICTEGRAVIR,0,O=C(NCc1c(F)cc(F)cc1F)c1cn2c(c(O)c1=O)C(=O)N1[C@H]3CC[C@H](C3)O[C@@H]1C2,-vir,<rdkit.Chem.rdchem.Mol object at 0x7f6ed6100040>,<rdkit.DataStructs.cDataStructs.ExplicitBitVect object at 0x7f6ed59f0f20>
12,CIDOFOVIR,0,Nc1ccn(C[C@@H](CO)OCP(=O)(O)O)c(=O)n1,-vir,<rdkit.Chem.rdchem.Mol object at 0x7f6ed61000b0>,<rdkit.DataStructs.cDataStructs.ExplicitBitVect object at 0x7f6ed59f0f90>
13,ACYCLOVIR,0,Nc1nc2c(ncn2COCCO)c(=O)[nH]1,-vir,<rdkit.Chem.rdchem.Mol object at 0x7f6ed6100120>,<rdkit.DataStructs.cDataStructs.ExplicitBitVect object at 0x7f6ed59f1000>
14,DOLUTEGRAVIR SODIUM,0,C[C@@H]1CCO[C@H]2Cn3cc(C(=O)NCc4ccc(F)cc4F)c(=O)c([O-])c3C(=O)N12.[Na+],-vir,<rdkit.Chem.rdchem.Mol object at 0x7f6ed6100190>,<rdkit.DataStructs.cDataStructs.ExplicitBitVect object at 0x7f6ed59f1070>
15,INDINAVIR SULFATE,1,CC(C)(C)NC(=O)[C@@H]1CN(Cc2cccnc2)CCN1C[C@@H](O)C[C@@H](Cc1ccccc1)C(=O)N[C@H]1c2ccccc2C[C@H]1O.O=S(=O)(O)O,-vir,<rdkit.Chem.rdchem.Mol object at 0x7f6ed6100200>,<rdkit.DataStructs.cDataStructs.ExplicitBitVect object at 0x7f6ed59f10e0>
16,LOPINAVIR,1,Cc1cccc(C)c1OCC(=O)N[C@@H](Cc1ccccc1)[C@@H](O)C[C@H](Cc1ccccc1)NC(=O)[C@H](C(C)C)N1CCCNC1=O,-vir,<rdkit.Chem.rdchem.Mol object at 0x7f6ed6100270>,<rdkit.DataStructs.cDataStructs.ExplicitBitVect object at 0x7f6ed59f1150>
17,GANCICLOVIR SODIUM,0,Nc1nc([O-])c2ncn(COC(CO)CO)c2n1.[Na+],-vir,<rdkit.Chem.rdchem.Mol object at 0x7f6ed61002e0>,<rdkit.DataStructs.cDataStructs.ExplicitBitVect object at 0x7f6ed59f11c0>
18,ACYCLOVIR SODIUM,0,Nc1nc([O-])c2ncn(COCCO)c2n1.[Na+],-vir,<rdkit.Chem.rdchem.Mol object at 0x7f6ed6100350>,<rdkit.DataStructs.cDataStructs.ExplicitBitVect object at 0x7f6ed59f1230>
19,GANCICLOVIR,0,Nc1nc2c(ncn2COC(CO)CO)c(=O)[nH]1,-vir,<rdkit.Chem.rdchem.Mol object at 0x7f6ed61003c0>,<rdkit.DataStructs.cDataStructs.ExplicitBitVect object at 0x7f6ed59f12a0>
20,TENOFOVIR ALAFENAMIDE,1,CC(C)OC(=O)[C@H](C)N[P@](=O)(CO[C@H](C)Cn1cnc2c(N)ncnc21)Oc1ccccc1,-vir,<rdkit.Chem.rdchem.Mol object at 0x7f6ed6100430>,<rdkit.DataStructs.cDataStructs.ExplicitBitVect object at 0x7f6ed59f1310>
21,INDINAVIR,1,CC(C)(C)NC(=O)[C@@H]1CN(Cc2cccnc2)CCN1C[C@@H](O)C[C@@H](Cc1ccccc1)C(=O)N[C@H]1c2ccccc2C[C@H]1O,-vir,<rdkit.Chem.rdchem.Mol object at 0x7f6ed61004a0>,<rdkit.DataStructs.cDataStructs.ExplicitBitVect object at 0x7f6ed59f1380>
22,TENOFOVIR ALAFENAMIDE FUMARATE,1,CC(C)OC(=O)[C@H](C)N[P@](=O)(CO[C@H](C)Cn1cnc2c(N)ncnc21)Oc1ccccc1.CC(C)OC(=O)[C@H](C)N[P@](=O)(CO[C@H](C)Cn1cnc2c(N)ncnc21)Oc1ccccc1.O=C(O)/C=C/C(=O)O,-vir,<rdkit.Chem.rdchem.Mol object at 0x7f6ed6100510>,<rdkit.DataStructs.cDataStructs.ExplicitBitVect object at 0x7f6ed59f13f0>
23,VALACYCLOVIR,0,CC(C)[C@H](N)C(=O)OCCOCn1cnc2c(=O)nc(N)[nH]c21,-vir,<rdkit.Chem.rdchem.Mol object at 0x7f6ed6100580>,<rdkit.DataStructs.cDataStructs.ExplicitBitVect object at 0x7f6ed59f1460>
24,OSELTAMIVIR,0,CCOC(=O)C1=C[C@@H](OC(CC)CC)[C@H](NC(C)=O)[C@@H](N)C1,-vir,<rdkit.Chem.rdchem.Mol object at 0x7f6ed61005f0>,<rdkit.DataStructs.cDataStructs.ExplicitBitVect object at 0x7f6ed59f14d0>
25,MARIBAVIR,0,CC(C)Nc1nc2cc(Cl)c(Cl)cc2n1[C@H]1O[C@@H](CO)[C@H](O)[C@@H]1O,-vir,<rdkit.Chem.rdchem.Mol object at 0x7f6ed6100660>,<rdkit.DataStructs.cDataStructs.ExplicitBitVect object at 0x7f6ed59f1540>
26,NELFINAVIR,1,Cc1c(O)cccc1C(=O)N[C@@H](CSc1ccccc1)[C@H](O)CN1C[C@H]2CCCC[C@H]2C[C@H]1C(=O)NC(C)(C)C,-vir,<rdkit.Chem.rdchem.Mol object at 0x7f6ed61006d0>,<rdkit.DataStructs.cDataStructs.ExplicitBitVect object at 0x7f6ed59f15b0>
27,BOCEPREVIR,1,CC(C)(C)NC(=O)N[C@H](C(=O)N1C[C@H]2[C@@H]([C@H]1C(=O)NC(CC1CCC1)C(=O)C(N)=O)C2(C)C)C(C)(C)C,-vir,<rdkit.Chem.rdchem.Mol object at 0x7f6ed6100740>,<rdkit.DataStructs.cDataStructs.ExplicitBitVect object at 0x7f6ed59f1620>
28,PERAMIVIR,1,CCC(CC)[C@H](NC(C)=O)[C@@H]1[C@H](O)[C@@H](C(=O)O)C[C@H]1NC(=N)N.O.O.O,-vir,<rdkit.Chem.rdchem.Mol object at 0x7f6ed61007b0>,<rdkit.DataStructs.cDataStructs.ExplicitBitVect object at 0x7f6ed59f1690>
29,RALTEGRAVIR POTASSIUM,1,Cc1nnc(C(=O)NC(C)(C)c2nc(C(=O)NCc3ccc(F)cc3)c([O-])c(=O)n2C)o1.[K+],-vir,<rdkit.Chem.rdchem.Mol object at 0x7f6ed6100820>,<rdkit.DataStructs.cDataStructs.ExplicitBitVect object at 0x7f6ed59f1700>
30,VALACYCLOVIR HYDROCHLORIDE,0,CC(C)[C@H](N)C(=O)OCCOCn1cnc2c(=O)nc(N)[nH]c21.Cl,-vir,<rdkit.Chem.rdchem.Mol object at 0x7f6ed6100890>,<rdkit.DataStructs.cDataStructs.ExplicitBitVect object at 0x7f6ed59f1770>
31,ENTECAVIR,0,C=C1[C@H](CO)[C@@H](O)C[C@@H]1n1cnc2c(=O)[nH]c(N)nc21,-vir,<rdkit.Chem.rdchem.Mol object at 0x7f6ed6100900>,<rdkit.DataStructs.cDataStructs.ExplicitBitVect object at 0x7f6ed59f17e0>
32,CABOTEGRAVIR SODIUM,0,C[C@H]1CO[C@@H]2Cn3cc(C(=O)NCc4ccc(F)cc4F)c(=O)c([O-])c3C(=O)N12.[Na+],-vir,<rdkit.Chem.rdchem.Mol object at 0x7f6ed6100970>,<rdkit.DataStructs.cDataStructs.ExplicitBitVect object at 0x7f6ed59f1850>
33,NELFINAVIR MESYLATE,1,CS(=O)(=O)O.Cc1c(O)cccc1C(=O)N[C@@H](CSc1ccccc1)[C@H](O)CN1C[C@H]2CCCC[C@H]2C[C@H]1C(=O)NC(C)(C)C,-vir,<rdkit.Chem.rdchem.Mol object at 0x7f6ed61009e0>,<rdkit.DataStructs.cDataStructs.ExplicitBitVect object at 0x7f6ed59f18c0>
34,FAMCICLOVIR,0,CC(=O)OCC(CCn1cnc2cnc(N)nc21)COC(C)=O,-vir,<rdkit.Chem.rdchem.Mol object at 0x7f6ed6100a50>,<rdkit.DataStructs.cDataStructs.ExplicitBitVect object at 0x7f6ed59f1930>
35,OSELTAMIVIR PHOSPHATE,0,CCOC(=O)C1=C[C@@H](OC(CC)CC)[C@H](NC(C)=O)[C@@H](N)C1.O=P(O)(O)O,-vir,<rdkit.Chem.rdchem.Mol object at 0x7f6ed6100ac0>,<rdkit.DataStructs.cDataStructs.ExplicitBitVect object at 0x7f6ed59f19a0>
36,CABOTEGRAVIR,0,C[C@H]1CO[C@@H]2Cn3cc(C(=O)NCc4ccc(F)cc4F)c(=O)c(O)c3C(=O)N12,-vir,<rdkit.Chem.rdchem.Mol object at 0x7f6ed6100b30>,<rdkit.DataStructs.cDataStructs.ExplicitBitVect object at 0x7f6ed59f1a10>
37,ABACAVIR SULFATE,0,Nc1nc(NC2CC2)c2ncn([C@H]3C=C[C@@H](CO)C3)c2n1.Nc1nc(NC2CC2)c2ncn([C@H]3C=C[C@@H](CO)C3)c2n1.O=S(=O)(O)O,-vir,<rdkit.Chem.rdchem.Mol object at 0x7f6ed6100ba0>,<rdkit.DataStructs.cDataStructs.ExplicitBitVect object at 0x7f6ed59f1a80>
38,ABACAVIR,0,Nc1nc(NC2CC2)c2ncn([C@H]3C=C[C@@H](CO)C3)c2n1,-vir,<rdkit.Chem.rdchem.Mol object at 0x7f6ed6100c10>,<rdkit.DataStructs.cDataStructs.ExplicitBitVect object at 0x7f6ed59f1af0>
39,RALTEGRAVIR,1,Cc1nnc(C(=O)NC(C)(C)c2nc(C(=O)NCc3ccc(F)cc3)c(O)c(=O)n2C)o1,-vir,<rdkit.Chem.rdchem.Mol object at 0x7f6ed6100c80>,<rdkit.DataStructs.cDataStructs.ExplicitBitVect object at 0x7f6ed59f1b60>
